key,city,country,variant,pattern,instance_seed,n_customers,n_stations,n_evaluated,n_mismatch,mismatch_rate,mean_extra_distance_km,median_extra_distance_km,P90_extra_distance_km,mean_extra_time_min,mean_extra_energy_kwh,median_conditional_detour_m,median_conditional_detour_km,P90_conditional_detour_km,median_conditional_detour_percent,median_conditional_extra_time_min,median_conditional_extra_energy_kwh,n_conditional_negative_detour,n_conditional_time_ok,n_conditional_energy_ok
Casablanca|classic_evrptw|c|80|20|10001,Casablanca,Morocco,classic_evrptw,c,10001,80,20,80,9,0.11250000000000004,0.12983342304115203,0.0,0.0222569716871502,0.3062177204617487,0.023058481304620248,709.3632445939002,0.7093632445939002,2.590051989293026,16.873390913341918,1.7938111067516946,0.16418004290362564,0,9,9
Casablanca|classic_evrptw|c|80|20|10002,Casablanca,Morocco,classic_evrptw,c,10002,80,20,80,10,0.125,0.9975263150913667,0.0,7.095909128619254,1.5949804479522298,0.1472583724054335,7757.753262141443,7.757753262141443,8.733108943830233,170.87473326263137,12.562066877258246,1.1611307020620294,0,10,10
Casablanca|classic_evrptw|c|80|20|10003,Casablanca,Morocco,classic_evrptw,c,10003,80,20,80,7,0.08750000000000002,0.015115072880524855,0.0,0.0,0.07226195636695461,0.008561604046721629,205.770197269238,0.205770197269238,0.2554864315264018,6.757557778890189,0.9561487962872254,0.1007300887010138,0,7,7
Casablanca|classic_evrptw|c|80|20|10004,Casablanca,Morocco,classic_evrptw,c,10004,80,20,80,15,0.1875,1.091848945981402,0.0,7.7448655537572275,1.5416394585192272,0.14900502829365284,8694.819390592464,8.694819390592464,9.20893321123646,201.6875987768019,12.20414532472791,1.0634433239810062,0,15,15
Casablanca|classic_evrptw|c|80|20|10005,Casablanca,Morocco,classic_evrptw,c,10005,80,20,80,2,0.025000000000000022,0.0024624885773069935,0.0,0.0,0.0407474837701796,0.0020105969633192502,98.49954309227974,0.09849954309227973,0.14655270120567235,6.107652170596356,1.6298993508071844,0.08042387853277001,0,2,2
Casablanca|classic_evrptw|c|80|20|10006,Casablanca,Morocco,classic_evrptw,c,10006,80,20,80,8,0.09999999999999998,0.035506625619766294,0.0,0.0038433095450542266,0.021855629930390752,-0.00446176866842714,473.1004327910973,0.4731004327910973,0.47479767862561234,16.454584079211735,-0.14260882197332023,-0.07200602859233299,0,8,8
Casablanca|classic_evrptw|c|80|20|10007,Casablanca,Morocco,classic_evrptw,c,10007,80,20,80,4,0.050000000000000044,0.004229514647950603,0.0,0.0,-0.0215881603936562,0.0065859517992761085,90.01130914843043,0.09001130914843043,0.1346779074126628,1.8697553442618497,-0.5496468187099031,0.148484637649976,0,4,4
Casablanca|classic_evrptw|c|80|20|10008,Casablanca,Morocco,classic_evrptw,c,10008,80,20,80,6,0.07499999999999996,0.009635446766121096,0.0,0.0,0.0718454944816495,0.007048169430919913,110.8484278477813,0.11084842784778129,0.205770197269238,3.8368566870537895,1.029197885710459,0.08598562651224202,0,6,6
Casablanca|classic_evrptw|c|80|20|10009,Casablanca,Morocco,classic_evrptw,c,10009,80,20,80,4,0.050000000000000044,0.0076191923584026594,0.0,0.0,0.025965992285356756,0.0017491518504151315,146.992504342536,0.146992504342536,0.23862574057660513,6.163396239124586,1.03863969141427,0.06996607401660535,0,4,4
Casablanca|classic_evrptw|c|80|20|10010,Casablanca,Morocco,classic_evrptw,c,10010,80,20,80,6,0.07499999999999996,0.009690681382196534,0.0,0.0,0.046694986683345006,0.01450993150804739,134.0555362686598,0.13405553626865982,0.21973066159255245,3.575815647396014,0.5845578756988352,0.17574465119177254,0,6,6
Casablanca|classic_evrptw|r|80|20|10001,Casablanca,Morocco,classic_evrptw,r,10001,80,20,80,10,0.125,0.25976897112520214,0.0,0.1968939847629311,0.40587114451867984,0.0400566297398947,947.834704608822,0.947834704608822,5.816225073467705,23.27692850171114,1.9657671823002036,0.2296851131044953,0,10,10
Casablanca|classic_evrptw|r|80|20|10002,Casablanca,Morocco,classic_evrptw,r,10002,80,20,80,16,0.19999999999999996,0.33266265166581477,0.0,0.36715877273136743,0.5288119459270363,0.046540630427662516,374.99729449296626,0.37499729449296626,5.352341835856268,17.91497241257825,1.2572024306732852,0.09222456535614482,0,16,16
Casablanca|classic_evrptw|r|80|20|10003,Casablanca,Morocco,classic_evrptw,r,10003,80,20,80,8,0.09999999999999998,0.1688667228084959,0.0,0.002795880094332517,0.11950250502570273,0.024371071497125134,261.9799433981557,0.26197994339815567,5.80661428109748,7.223742605861283,-0.06324712446855875,0.11944699866294142,0,8,8
Casablanca|classic_evrptw|r|80|20|10004,Casablanca,Morocco,classic_evrptw,r,10004,80,20,80,8,0.09999999999999998,0.2877732344266686,0.0,0.00014868052329756115,0.42789787956650766,0.031928787239504215,337.49727671694086,0.33749727671694085,7.77009294686703,10.996831608363504,0.5860513162283624,-0.04823766657023877,0,8,8
Casablanca|classic_evrptw|r|80|20|10005,Casablanca,Morocco,classic_evrptw,r,10005,80,20,80,13,0.16249999999999998,0.28185156895253544,0.0,0.27397853219107265,0.2746354580728861,0.036050672965968186,329.22361542957265,0.3292236154295726,5.665206215295202,10.23970219870839,0.023940850959325626,0.15738739707155552,0,13,13
Casablanca|classic_evrptw|r|80|20|10006,Casablanca,Morocco,classic_evrptw,r,10006,80,20,80,7,0.08750000000000002,0.19655601556534788,0.0,0.0,0.17320480156687448,0.03099026592967925,310.28183961595187,0.31028183961595185,6.241680209310698,11.501218615323479,0.5224092700633188,0.21670135665568174,0,7,7
Casablanca|classic_evrptw|r|80|20|10007,Casablanca,Morocco,classic_evrptw,r,10007,80,20,80,8,0.09999999999999998,0.3279417666503544,0.0,0.0018753975047248567,0.4092224733506674,0.04626317211877616,1805.4214773671163,1.8054214773671162,7.498311337419455,41.458046377265035,2.267329981141493,0.29206509787613144,0,8,8
Casablanca|classic_evrptw|r|80|20|10008,Casablanca,Morocco,classic_evrptw,r,10008,80,20,80,14,0.17500000000000004,0.3971318431515099,0.0,0.21240312319962434,0.37161367601984074,0.05663247766317273,341.23811271524335,0.34123811271524335,6.973347047996525,15.446334975627325,0.4155052990078483,0.12305239493405579,0,14,14
Casablanca|classic_evrptw|r|80|20|10009,Casablanca,Morocco,classic_evrptw,r,10009,80,20,80,8,0.09999999999999998,0.10291467824903475,0.0,0.002043085768703478,0.07151945965234884,0.01288128157739905,295.75308185728795,0.29575308185728794,2.3025517118468004,8.425104792982031,0.23652717295202735,0.042099303082050135,0,8,8
Casablanca|classic_evrptw|r|80|20|10010,Casablanca,Morocco,classic_evrptw,r,10010,80,20,80,9,0.11250000000000004,0.21017998399908203,0.0,0.081004825999024,0.28464597455013985,0.02257200216214484,340.03153934683314,0.34003153934683317,6.146596043649684,15.662558693416807,0.8101130495052966,-0.003923216344787553,0,9,9
Casablanca|classic_evrptw|rc|80|20|10001,Casablanca,Morocco,classic_evrptw,rc,10001,80,20,80,9,0.11250000000000004,0.14100873434478634,0.0,0.015446899978643739,0.34434205497885273,0.015829537486696972,464.57531222472744,0.4645753122247274,2.590051989293026,16.873390913341918,2.246914286889583,0.22382013381231017,0,9,9
Casablanca|classic_evrptw|rc|80|20|10002,Casablanca,Morocco,classic_evrptw,rc,10002,80,20,80,11,0.13749999999999996,0.877375895033559,0.0,1.3396145247659965,1.297894331073258,0.11204481373223707,8520.352822446357,8.520352822446357,9.034466643090353,188.4033415494514,12.630027430795524,1.0398206975336122,0,11,11
Casablanca|classic_evrptw|rc|80|20|10003,Casablanca,Morocco,classic_evrptw,rc,10003,80,20,80,8,0.09999999999999998,0.2537649187020148,0.0,0.006878023332177367,0.33241551770319927,0.03406105465118322,359.9623025641624,0.35996230256416245,7.231201625032225,8.752601119361799,1.5205447231873095,0.24340283763847897,0,8,8
Casablanca|classic_evrptw|rc|80|20|10004,Casablanca,Morocco,classic_evrptw,rc,10004,80,20,80,22,0.275,1.0665691806719462,0.0,2.3193758665001596,1.6933608651148002,0.14930318958262273,1889.595008715045,1.889595008715045,10.022799724262827,30.889123891811607,5.131053645460487,0.32693213132664783,0,22,22
Casablanca|classic_evrptw|rc|80|20|10005,Casablanca,Morocco,classic_evrptw,rc,10005,80,20,80,18,0.22499999999999998,0.8792358610178713,0.0,4.327192070808806,1.1333801870342446,0.12506656725662615,3341.44656736666,3.3414465673666602,6.9914456803554,75.50975354705668,6.0667389643291285,0.44944573256478443,0,18,18
Casablanca|classic_evrptw|rc|80|20|10006,Casablanca,Morocco,classic_evrptw,rc,10006,80,20,80,10,0.125,0.16861711008926938,0.0,0.15915708811996457,0.2736220475500043,0.022096355253602082,373.8673702816625,0.3738673702816625,2.2643479837233196,18.611063898299108,0.929158180625429,0.0771874306930165,0,10,10
Casablanca|classic_evrptw|rc|80|20|10007,Casablanca,Morocco,classic_evrptw,rc,10007,80,20,80,7,0.08750000000000002,0.2271393745989344,0.0,0.0,0.36434030692190217,0.024550823763951037,324.23398544313204,0.32423398544313203,8.663740836034423,6.265892155455814,0.6377829779043632,-0.051699202812361116,0,7,7
Casablanca|classic_evrptw|rc|80|20|10008,Casablanca,Morocco,classic_evrptw,rc,10008,80,20,80,13,0.16249999999999998,0.17161496444842114,0.0,0.48788879902463933,0.47683731478133956,0.027289125763751875,778.1713568607906,0.7781713568607906,1.889595008715045,29.10191093601068,2.328719901910816,0.11260036761042458,0,13,13
Casablanca|classic_evrptw|rc|80|20|10009,Casablanca,Morocco,classic_evrptw,rc,10009,80,20,80,14,0.17500000000000004,0.1881342316902979,0.0,0.8027790041627595,0.07057141147210831,0.03165667866836227,918.9886313596244,0.9189886313596244,1.0689997524242907,22.029623403815194,-0.3316633209735301,0.18572796180239995,0,14,14
Casablanca|classic_evrptw|rc|80|20|10010,Casablanca,Morocco,classic_evrptw,rc,10010,80,20,80,8,0.09999999999999998,0.2199318745145794,0.0,0.0038433095450542266,0.34561578579490165,0.025091232528249997,249.83644846069092,0.24983644846069092,7.498311337419455,13.028605362348214,1.6298993508071844,0.08401544113691997,0,8,8
Madrid|classic_evrptw|c|80|20|10001,Madrid,Spain,classic_evrptw,c,10001,80,20,80,17,0.21250000000000002,1.1504091795950908,0.0,5.761426173154562,1.4447674630898197,-0.00482902964408227,5692.061424118585,5.6920614241185845,6.427960606896383,76.63737321165982,7.475083251760984,-0.03453253171619919,0,17,17
Madrid|classic_evrptw|c|80|20|10002,Madrid,Spain,classic_evrptw,c,10002,80,20,80,7,0.08750000000000002,0.35458120044225067,0.0,0.0,0.6918488805755089,0.02533936255839323,4169.257358997355,4.169257358997355,4.169257358997356,236.3672848697742,7.906844349434388,0.2895927149530655,0,7,7
Madrid|classic_evrptw|c|80|20|10003,Madrid,Spain,classic_evrptw,c,10003,80,20,80,7,0.08750000000000002,0.06356997901733151,0.0,0.0,0.10281263120417668,0.02000725993211678,708.8676779567595,0.7088676779567595,0.941356697804225,39.61682433350716,1.139229167175409,0.25297357137052656,0,7,7
Madrid|classic_evrptw|c|80|20|10004,Madrid,Spain,classic_evrptw,c,10004,80,20,80,7,0.08750000000000002,0.05873076747762436,0.0,0.0,-0.0498018544084002,0.02400265611152657,892.4070482716161,0.8924070482716161,1.1072160710504135,15.566249899310161,1.1187210610740428,0.21047673949056955,0,7,7
Madrid|classic_evrptw|c|80|20|10005,Madrid,Spain,classic_evrptw,c,10005,80,20,80,7,0.08750000000000002,0.05873076747762436,0.0,0.0,-0.0498018544084002,0.02400265611152657,892.4070482716161,0.8924070482716161,1.1072160710504135,15.566249899310161,1.1187210610740428,0.21047673949056955,0,7,7
Madrid|classic_evrptw|c|80|20|10006,Madrid,Spain,classic_evrptw,c,10006,80,20,80,7,0.08750000000000002,0.05873076747762436,0.0,0.0,-0.0498018544084002,0.02400265611152657,892.4070482716161,0.8924070482716161,1.1072160710504135,15.566249899310161,1.1187210610740428,0.21047673949056955,0,7,7
Madrid|classic_evrptw|c|80|20|10007,Madrid,Spain,classic_evrptw,c,10007,80,20,80,6,0.07499999999999996,0.023598745795047,0.0,0.0,0.11893803759109316,-0.002485209652590328,276.40338535110175,0.27640338535110176,0.5362434713979258,7.527272558472289,1.058488759447352,-0.007962031933574414,0,6,6
Madrid|classic_evrptw|c|80|20|10008,Madrid,Spain,classic_evrptw,c,10008,80,20,80,3,0.03749999999999998,0.013555198697912,0.0,0.0,0.022049942564632472,-0.016682974122704093,304.3910730796588,0.3043910730796588,0.46145307057712326,8.776811069403967,0.6542596217311285,-0.4496518863058976,0,3,3
Madrid|classic_evrptw|c|80|20|10009,Madrid,Spain,classic_evrptw,c,10009,80,20,80,34,0.42500000000000004,1.377442004791797,0.0,5.761426173154562,2.0215035659883407,-0.006477811854455848,1197.6970038133213,1.1976970038133212,6.393029165766143,20.2636651639625,2.8412687106587327,-0.016784942240413325,0,34,34
Madrid|classic_evrptw|c|80|20|10010,Madrid,Spain,classic_evrptw,c,10010,80,20,80,43,0.5375,2.0060837151188946,0.014643511438367568,5.761426173154562,2.240411810970281,0.07383238471473387,4287.925811806974,4.287925811806974,6.385708914478297,39.15030676986457,6.186331793680881,0.16031972550635942,0,43,43
Madrid|classic_evrptw|r|80|20|10001,Madrid,Spain,classic_evrptw,r,10001,80,20,80,27,0.3375,0.6080180585596984,0.0,2.0362755360687905,0.7874946647636528,0.013989945967793304,1253.4537179315907,1.2534537179315908,4.448579617750628,18.164413542172998,1.6031102326704059,0.04699360643513839,0,27,27
Madrid|classic_evrptw|r|80|20|10002,Madrid,Spain,classic_evrptw,r,10002,80,20,80,20,0.25,0.41271753584393844,0.0,1.422265572954016,0.5918118643054024,-0.005699725465921773,1263.6986362761743,1.2636986362761742,3.5532015221263893,17.92192820380286,2.5171838034929777,0.03509475469501436,0,20,20
Madrid|classic_evrptw|r|80|20|10003,Madrid,Spain,classic_evrptw,r,10003,80,20,80,18,0.22499999999999998,0.43832377068482165,0.0,1.234078782056556,0.4874821067644794,0.012765517602537756,953.2823408850404,0.9532823408850404,5.226085550250296,14.52920923176344,1.057375885497428,0.1357660247790795,0,18,18
Madrid|classic_evrptw|r|80|20|10004,Madrid,Spain,classic_evrptw,r,10004,80,20,80,15,0.1875,0.4200038520380541,0.0,1.1521124238115579,0.5572079764393332,0.011528574507610566,1364.42890924134,1.36442890924134,4.723889854010308,27.434530639914115,2.9973412259858248,0.04734532603478292,0,15,15
Madrid|classic_evrptw|r|80|20|10005,Madrid,Spain,classic_evrptw,r,10005,80,20,80,20,0.25,0.5353649921732108,0.0,2.039195670995743,0.7807678199482935,0.018214276933291525,1441.3870401299587,1.4413870401299587,5.151650185379108,18.49052708258288,2.839624209626232,0.17218859261028852,0,20,20
Madrid|classic_evrptw|r|80|20|10006,Madrid,Spain,classic_evrptw,r,10006,80,20,80,14,0.17500000000000004,0.4085720368110059,0.0,1.2010109084853295,0.4718063529839653,0.013264204170903354,1689.5530208222779,1.6895530208222778,4.796550527710864,35.00664657190478,2.4641724209994265,0.13885244174545225,0,14,14
Madrid|classic_evrptw|r|80|20|10007,Madrid,Spain,classic_evrptw,r,10007,80,20,80,18,0.22499999999999998,0.5608243710858116,0.0,1.6088542454830448,0.7659796121852784,0.011893528999330171,1549.250481920686,1.549250481920686,6.354618284261929,23.544814683747354,2.376807023166694,0.037838474309390024,0,18,18
Madrid|classic_evrptw|r|80|20|10008,Madrid,Spain,classic_evrptw,r,10008,80,20,80,17,0.21250000000000002,0.4130629440320252,0.0,1.5344253009063762,0.6265011017992077,0.016597650409206036,1531.4153580909024,1.5314153580909025,4.147201537951619,23.199225621121442,2.620850707510046,0.12375838101079528,0,17,17
Madrid|classic_evrptw|r|80|20|10009,Madrid,Spain,classic_evrptw,r,10009,80,20,80,19,0.23750000000000004,0.6298667788632646,0.0,2.702807792680688,0.8044557139366412,0.016201067928905518,1967.094183406503,1.967094183406503,6.352268266027545,28.286125718660042,2.8304227779133573,0.08760943259434417,0,19,19
Madrid|classic_evrptw|r|80|20|10010,Madrid,Spain,classic_evrptw,r,10010,80,20,80,22,0.275,0.6555079523757542,0.0,2.168383065359999,0.915379426279848,0.020188103975342896,1941.7483516713864,1.9417483516713865,6.208617610490678,26.613782286996287,2.44132114359555,0.06600180127046079,0,22,22
Madrid|classic_evrptw|rc|80|20|10001,Madrid,Spain,classic_evrptw,rc,10001,80,20,80,17,0.21250000000000002,0.8211799369767617,0.0,4.421564437762568,1.0398445441628594,-0.00370133502176258,4287.925811806976,4.287925811806976,6.396166416318076,73.61784186844022,6.186331793680881,-0.04669520584513498,0,17,17
Madrid|classic_evrptw|rc|80|20|10002,Madrid,Spain,classic_evrptw,rc,10002,80,20,80,15,0.1875,0.44717267137544375,0.0,1.2857045336700421,0.7524739286203669,0.02060787304638643,2077.772302380463,2.077772302380463,4.240458430683128,23.146011514465275,2.841268710658731,0.1755834601090167,0,15,15
Madrid|classic_evrptw|rc|80|20|10003,Madrid,Spain,classic_evrptw,rc,10003,80,20,80,13,0.16249999999999998,0.23705395013553365,0.0,0.6730982702808479,0.3619840620749219,-0.00032628554567571235,708.8676779567595,0.7088676779567595,3.837322525169516,30.908485065765188,2.203944829072598,0.06008383663676509,0,13,13
Madrid|classic_evrptw|rc|80|20|10004,Madrid,Spain,classic_evrptw,rc,10004,80,20,80,13,0.16249999999999998,0.28477414184751826,0.0,0.6839175312130956,0.34454281155172334,0.011215158264607538,1197.6970038133204,1.1976970038133203,4.089489957540269,20.953323175373356,2.203944829072598,0.09936793300684027,0,13,13
Madrid|classic_evrptw|rc|80|20|10005,Madrid,Spain,classic_evrptw,rc,10005,80,20,80,11,0.13749999999999996,0.2984761149549334,0.0,0.45173125118004526,0.48924753393886833,-0.009563748410016712,1877.8054646629726,1.8778054646629725,4.287925811806976,30.805150150474745,2.8499871095509604,-0.04741424596269378,0,11,11
Madrid|classic_evrptw|rc|80|20|10006,Madrid,Spain,classic_evrptw,rc,10006,80,20,80,12,0.15000000000000002,0.3212326275452466,0.0,0.4700496753720476,0.5052292972145107,-0.0022567701754111604,894.7695247074194,0.8947695247074193,6.13595693679012,25.716142842002792,2.8304227779133613,-0.0541945426362368,0,12,12
Madrid|classic_evrptw|rc|80|20|10007,Madrid,Spain,classic_evrptw,rc,10007,80,20,80,9,0.11250000000000004,0.17755226778731947,0.0,0.15410139149372953,0.2460039636466634,-0.016884400669994182,650.983147146499,0.6509831471464991,4.401181662635402,7.6281780436210935,2.8304227779133573,-0.09156349655635043,0,9,9
Madrid|classic_evrptw|rc|80|20|10008,Madrid,Spain,classic_evrptw,rc,10008,80,20,80,12,0.15000000000000002,0.26536090177262095,0.0,0.3387217213748491,0.26537459691613247,-0.018525274231325505,799.3843849431473,0.7993843849431473,4.190215714492899,16.24176893446924,2.2259543094643943,-0.10954915616450261,0,12,12
Madrid|classic_evrptw|rc|80|20|10009,Madrid,Spain,classic_evrptw,rc,10009,80,20,80,32,0.4,1.0213982120755443,0.0,3.575844004301391,1.369922439931149,0.04318521490795143,1753.9925254186837,1.7539925254186837,6.3163441654423265,26.08576913317386,2.841268710658728,0.04677661742222522,0,32,32
Madrid|classic_evrptw|rc|80|20|10010,Madrid,Spain,classic_evrptw,rc,10010,80,20,80,33,0.4125,1.26901065403074,0.0,4.62534677733754,1.65101717595421,0.04504559994322702,4287.925811806974,4.287925811806974,6.385708914478297,38.83728366557122,5.668960220088523,0.11033817708486371,0,33,33
Paris|classic_evrptw|c|80|20|10001,Paris,France,classic_evrptw,c,10001,80,20,80,8,0.09999999999999998,0.07276256118716878,0.0,0.018372044359531513,0.16551136221465212,0.0031808596612468154,395.92501222070223,0.39592501222070225,1.3913254347065702,11.996515965302002,1.0763156685761814,-0.008816233046353567,0,8,8
Paris|classic_evrptw|c|80|20|10002,Paris,France,classic_evrptw,c,10002,80,20,80,18,0.22499999999999998,0.16832369147363477,0.0,0.5364745157004859,0.37578880701217476,0.005105063800594038,506.25594220465143,0.5062559422046514,1.6032599569740034,32.070885224916175,1.2801267396962583,0.021692311531791464,0,18,18
Paris|classic_evrptw|c|80|20|10003,Paris,France,classic_evrptw,c,10003,80,20,80,18,0.22499999999999998,0.1419845893915815,0.0,0.7389155342116708,0.37440181790835575,0.004662290995709623,738.9155342116708,0.7389155342116708,0.7389155342116712,40.75212438122965,2.0923355715734657,0.021317392071044147,0,18,18
Paris|classic_evrptw|c|80|20|10004,Paris,France,classic_evrptw,c,10004,80,20,80,23,0.2875,0.22427320580087798,0.0,0.7441238844908975,0.43038774244151756,0.027874077428464046,427.02533530683104,0.42702533530683107,1.6447003146098702,26.558730509898407,1.2892450991805915,0.13980812429919998,0,23,23
Paris|classic_evrptw|c|80|20|10005,Paris,France,classic_evrptw,c,10005,80,20,80,4,0.050000000000000044,0.04822372335197217,0.0,0.0,0.07820520576253585,0.0006858496102125654,1081.1260322219555,1.0811260322219556,1.6032599569740045,25.752966678806665,1.8957204824941585,0.03403117630576513,0,4,4
Paris|classic_evrptw|c|80|20|10006,Paris,France,classic_evrptw,c,10006,80,20,80,23,0.2875,0.12666503593151837,0.0,0.20099133548988385,0.13996910140497087,-0.0022982130298800675,136.87930056239793,0.13687930056239794,1.6032599569740031,6.706431321132245,-0.4107811789330095,-0.07349166161443113,0,23,23
Paris|classic_evrptw|c|80|20|10007,Paris,France,classic_evrptw,c,10007,80,20,80,10,0.125,0.10002485540523896,0.0,0.0640610045535128,0.14267814763587516,0.0006148645710236072,945.0787980745499,0.94507879807455,1.3683905210970955,22.320574952020074,1.332706097951521,0.010709742243960874,0,10,10
Paris|classic_evrptw|c|80|20|10008,Paris,France,classic_evrptw,c,10008,80,20,80,28,0.35,0.12680945034751895,0.0,0.5605184787691136,0.2999277466627621,0.004755618057813091,191.50583347132454,0.19150583347132455,0.7695160023885486,8.761205447772127,0.832838634131903,-0.009968945745337021,0,28,28
Paris|classic_evrptw|c|80|20|10009,Paris,France,classic_evrptw,c,10009,80,20,80,10,0.125,0.05133339264668414,0.0,0.031896515082835336,0.263480712904811,0.00013344857848378855,342.9693803912985,0.3429693803912985,0.8382185036538633,13.879865878751552,2.6966988247624544,-0.004205320748597613,0,10,10
Paris|classic_evrptw|c|80|20|10010,Paris,France,classic_evrptw,c,10010,80,20,80,24,0.30000000000000004,0.1527020352972145,0.0,0.6690067031544418,0.3415379721526649,0.014332651452313518,478.77865015155464,0.47877865015155463,0.7391365805057767,18.710810686339883,1.4341712353654006,0.0493314301578122,0,24,24
Paris|classic_evrptw|r|80|20|10001,Paris,France,classic_evrptw,r,10001,80,20,80,6,0.07499999999999996,0.028367607186370457,0.0,0.0,-0.009494428452709834,-0.00199949850573313,154.9839443548493,0.1549839443548493,0.9436673809984839,10.942291483444473,-0.15009650701439245,-0.00031075542237218867,0,6,6
Paris|classic_evrptw|r|80|20|10002,Paris,France,classic_evrptw,r,10002,80,20,80,10,0.125,0.04649302331062059,0.0,0.02297049378167957,0.10662719598854915,0.0016027572836084907,283.7071013528059,0.2837071013528059,0.5799163731570733,8.400421286621231,0.631892915464157,0.007326057513389189,0,10,10
Paris|classic_evrptw|r|80|20|10003,Paris,France,classic_evrptw,r,10003,80,20,80,14,0.17500000000000004,0.09609735309412107,0.0,0.25826490560609594,0.19878443554405098,0.011574221972836569,353.35802371369186,0.35335802371369185,1.4081058944591331,11.638942993215506,1.0824788256590836,0.07772501062710979,0,14,14
Paris|classic_evrptw|r|80|20|10004,Paris,France,classic_evrptw,r,10004,80,20,80,15,0.1875,0.08886740349972526,0.0,0.0796035147158761,0.18099969597809235,0.007669000404011428,137.72527932498315,0.13772527932498316,1.2499939483677294,7.243889342721884,0.47047846754125733,0.03403117630576513,0,15,15
Paris|classic_evrptw|r|80|20|10005,Paris,France,classic_evrptw,r,10005,80,20,80,12,0.15000000000000002,0.07209208475922964,0.0,0.24666448723115808,0.16658379259668551,0.0009062583994094292,277.22533687760836,0.27722533687760836,1.496877327080278,14.92992668197497,0.7254810699422982,-0.0026079667373729576,0,12,12
Paris|classic_evrptw|r|80|20|10006,Paris,France,classic_evrptw,r,10006,80,20,80,10,0.125,0.06637312877959192,0.0,0.02018007543347846,0.15078059187477677,0.008953113564269949,391.3585584792361,0.39135855847923606,1.3311654886791922,15.959054345540462,0.9734659554743371,0.047301001300029205,0,10,10
Paris|classic_evrptw|r|80|20|10007,Paris,France,classic_evrptw,r,10007,80,20,80,17,0.21250000000000002,0.11166285582428978,0.0,0.24951913487631483,0.35294849088582103,0.013695884361936157,246.96042185361193,0.24696042185361194,1.3311654886791926,13.921464479585937,1.8967046472987747,0.06668638143087735,0,17,17
Paris|classic_evrptw|r|80|20|10008,Paris,France,classic_evrptw,r,10008,80,20,80,11,0.13749999999999996,0.05629602927352441,0.0,0.18436560692893939,0.12627337730086244,0.002710424998168865,235.049217811355,0.235049217811355,0.6473849770188226,10.798648797663825,0.806323076348293,0.041930495073176366,0,11,11
Paris|classic_evrptw|r|80|20|10009,Paris,France,classic_evrptw,r,10009,80,20,80,13,0.16249999999999998,0.09419881452983773,0.0,0.3256964154919574,0.2348622062580095,0.008243195325963803,558.6569613963213,0.5586569613963214,1.2532565772210809,22.389547675301284,1.5425480511613747,0.07373267366511915,0,13,13
Paris|classic_evrptw|r|80|20|10010,Paris,France,classic_evrptw,r,10010,80,20,80,9,0.11250000000000004,0.022169150830632093,0.0,0.019694475518127363,0.025909906636373513,-0.00124104937689197,149.28702657912913,0.14928702657912912,0.3948592375831785,6.313327875220055,0.24363462839157723,0.02241543514266517,0,9,9
Paris|classic_evrptw|rc|80|20|10001,Paris,France,classic_evrptw,rc,10001,80,20,80,21,0.26249999999999996,0.23124307987476087,0.0,1.3311654886791913,0.5980829643408089,0.01315652426277207,1230.288422575812,1.2302884225758122,1.331165488679193,25.393192609548652,2.397294419351278,0.040056012731659874,0,21,21
Paris|classic_evrptw|rc|80|20|10002,Paris,France,classic_evrptw,rc,10002,80,20,80,16,0.19999999999999996,0.21552743484027945,0.0,1.178868231565426,0.5164305212982896,0.00472311272277878,1194.8383774787935,1.1948383774787936,1.603259956974004,44.380177172213486,2.891002556064008,0.037361191012144204,0,16,16
Paris|classic_evrptw|rc|80|20|10003,Paris,France,classic_evrptw,rc,10003,80,20,80,17,0.21250000000000002,0.11799720444358706,0.0,0.5533395034469617,0.28924252833937886,0.007660477571650612,540.4875923683517,0.5404875923683516,0.7389155342116711,32.25797606312183,1.5853872341160746,0.02131739207104419,0,17,17
Paris|classic_evrptw|rc|80|20|10004,Paris,France,classic_evrptw,rc,10004,80,20,80,17,0.21250000000000002,0.14914873349593108,0.0,0.6836288870735658,0.32408328555742566,0.013186311526658407,682.8907948116835,0.6828907948116835,1.6550604040188368,27.57340966457896,1.4389079933562092,0.07824032615309473,0,17,17
Paris|classic_evrptw|rc|80|20|10005,Paris,France,classic_evrptw,rc,10005,80,20,80,8,0.09999999999999998,0.06355114625835118,0.0,0.0014953926310471073,0.11214427011183944,0.0020106158256914973,451.3990206510957,0.4513990206510957,1.6032599569740038,16.891520281750946,0.947388921685543,0.03403117630576513,0,8,8
Paris|classic_evrptw|rc|80|20|10006,Paris,France,classic_evrptw,rc,10006,80,20,80,22,0.275,0.1304666434123281,0.0,0.3636847540369379,0.17052285871829503,-0.0032604960959012616,170.42135048557827,0.17042135048557827,1.6032599569740031,10.31545941152006,0.268130359780595,-0.04251683209092284,0,22,22
Paris|classic_evrptw|rc|80|20|10007,Paris,France,classic_evrptw,rc,10007,80,20,80,19,0.23750000000000004,0.17908776132835091,0.0,0.6058028505279958,0.5044638318103271,0.0017762414070157822,304.7571206996065,0.3047571206996065,1.4960831325011086,15.172862754884001,1.5532915202801292,-0.024248986701441155,0,19,19
Paris|classic_evrptw|rc|80|20|10008,Paris,France,classic_evrptw,rc,10008,80,20,80,22,0.275,0.11363882043737915,0.0,0.2193540829759442,0.2520083245645231,0.0040111842730155235,191.50583347132465,0.19150583347132466,0.6403870883897186,9.753044275950085,0.33731933831050137,-0.03072029744255056,0,22,22
Paris|classic_evrptw|rc|80|20|10009,Paris,France,classic_evrptw,rc,10009,80,20,80,13,0.16249999999999998,0.06652548700832515,0.0,0.06986757258232369,0.13024539222876133,0.004073815030095455,353.35802371369164,0.3533580237136916,0.8898749040732443,9.267826919667902,0.31197010504011286,0.028332346680223025,0,13,13
Paris|classic_evrptw|rc|80|20|10010,Paris,France,classic_evrptw,rc,10010,80,20,80,18,0.22499999999999998,0.13853381130667147,0.0,0.6690067031544418,0.2661578068045054,0.015978054800693847,669.0067031544415,0.6690067031544416,1.1692766749217962,22.598234805627897,1.1573770359846345,0.10257134123500214,0,18,18
Shenzhen|classic_evrptw|c|80|20|10001,Shenzhen,China,classic_evrptw,c,10001,80,20,80,14,0.17500000000000004,0.15982210979731007,0.0,0.7411796833013923,0.6942017628180264,-0.029271432954875477,741.1796833013923,0.7411796833013923,1.0933393524490393,6.498520721699762,2.941347840734515,-0.2042865841453656,0,14,14
Shenzhen|classic_evrptw|c|80|20|10002,Shenzhen,China,classic_evrptw,c,10002,80,20,80,16,0.19999999999999996,0.2313786633742514,0.0,1.1583584561176559,1.2018992918886011,-0.014838947090255645,1158.3584561176558,1.1583584561176559,1.7293814175746602,8.848299759267801,6.036008542718046,-0.06775094479083688,0,16,16
Shenzhen|classic_evrptw|c|80|20|10003,Shenzhen,China,classic_evrptw,c,10003,80,20,80,11,0.13749999999999996,0.1090941527515946,0.0,0.5443136067440218,0.23225254663922343,0.016100046513054987,610.7441442256168,0.6107441442256167,1.2475070518366669,14.111054004479866,1.8618847590029304,0.1268818340225341,0,11,11
Shenzhen|classic_evrptw|c|80|20|10004,Shenzhen,China,classic_evrptw,c,10004,80,20,80,10,0.125,0.3549208735153254,0.0,0.725788285777978,0.5317225577308548,0.03761466080112147,3377.961307531684,3.3779613075316837,4.178494024732628,49.14121047122072,5.079040346491101,0.3637168435890812,0,10,10
Shenzhen|classic_evrptw|c|80|20|10005,Shenzhen,China,classic_evrptw,c,10005,80,20,80,5,0.0625,0.1830291343036619,0.0,0.0,0.262636537712063,0.022833418462087852,943.0453537933126,0.9430453537933127,7.253435999382902,14.111054004479866,4.054693162576289,0.17345849377963818,0,5,5
Shenzhen|classic_evrptw|c|80|20|10006,Shenzhen,China,classic_evrptw,c,10006,80,20,80,8,0.09999999999999998,0.3373796582264742,0.0,0.0943045353793393,0.5061026092023133,0.03647902138991778,4178.494024732628,4.178494024732627,4.178494024732628,60.1621922687527,6.103387530405907,0.4399244539808077,0,8,8
Shenzhen|classic_evrptw|c|80|20|10007,Shenzhen,China,classic_evrptw,c,10007,80,20,80,24,0.30000000000000004,0.47007461364550557,0.0,1.248842647438624,0.8055009924312281,0.08171431797311372,855.7986610066546,0.8557986610066546,4.178494024732628,6.983926834518002,1.7080530242472625,0.3595673148626505,0,24,24
Shenzhen|classic_evrptw|c|80|20|10008,Shenzhen,China,classic_evrptw,c,10008,80,20,80,10,0.125,0.07223752223332074,0.0,0.26156948617248127,0.20526752091193912,-0.004779877366607807,294.87041217161004,0.29487041217161003,1.106483677447055,7.784271512136054,1.062681084203599,-0.14728333516419098,0,10,10
Shenzhen|classic_evrptw|c|80|20|10009,Shenzhen,China,classic_evrptw,c,10009,80,20,80,14,0.17500000000000004,0.15982210979731007,0.0,0.7411796833013923,0.6942017628180264,-0.029271432954875477,741.1796833013923,0.7411796833013923,1.0933393524490393,6.498520721699762,2.941347840734515,-0.2042865841453656,0,14,14
Shenzhen|classic_evrptw|c|80|20|10010,Shenzhen,China,classic_evrptw,c,10010,80,20,80,6,0.07499999999999996,0.1415213347833853,0.0,0.0,0.2621588900953657,0.0002899795681772968,741.1796833013923,0.7411796833013923,4.178494024732628,6.876410675294552,2.94134784073451,-0.2042865841453657,0,6,6
Shenzhen|classic_evrptw|r|80|20|10001,Shenzhen,China,classic_evrptw,r,10001,80,20,80,12,0.15000000000000002,0.14317434908092885,0.0,0.7815503681473568,-0.14531825257962044,0.011047916257496506,1144.886531761018,1.144886531761018,1.1448865317610253,3.0288516519987336,-1.3852266148064207,0.161385439625795,0,12,12
Shenzhen|classic_evrptw|r|80|20|10002,Shenzhen,China,classic_evrptw,r,10002,80,20,80,10,0.125,0.13567403850735632,0.0,0.7815503681473568,-0.13698262525529867,0.007825511946840575,1144.8865317610198,1.1448865317610197,1.1989409846892451,3.0288516519987336,-1.3852266148064436,0.161385439625795,0,10,10
Shenzhen|classic_evrptw|r|80|20|10003,Shenzhen,China,classic_evrptw,r,10003,80,20,80,5,0.0625,0.11797982968326706,0.0,0.0,0.29229998039714816,0.020079440453545837,1326.8033372275822,1.3268033372275823,3.3442389206111387,11.641804219157862,2.3573548067755192,0.18942198229531204,0,5,5
Shenzhen|classic_evrptw|r|80|20|10004,Shenzhen,China,classic_evrptw,r,10004,80,20,80,10,0.125,0.2548773047474812,0.0,0.608148159759594,0.6053869185326837,0.035002336473596074,1674.8849102086601,1.67488491020866,3.5186319036732976,22.68954132021215,4.702623693983063,0.20200276616819857,0,10,10
Shenzhen|classic_evrptw|r|80|20|10005,Shenzhen,China,classic_evrptw,r,10005,80,20,80,11,0.13749999999999996,0.19351198367048916,0.0,1.1448865317610046,0.13304135757777336,0.02235776740968429,1144.8865317610216,1.1448865317610215,3.14236449211693,2.9441654847469567,-1.3852266148064094,0.16138543962579543,0,11,11
Shenzhen|classic_evrptw|r|80|20|10006,Shenzhen,China,classic_evrptw,r,10006,80,20,80,4,0.050000000000000044,0.12573858837892996,0.0,0.0,0.26653261439878634,0.011091740545451614,2669.6830770436864,2.6696830770436866,2.9497766868142064,19.893899888389953,5.169598004409626,0.1460524614975145,0,4,4
Shenzhen|classic_evrptw|r|80|20|10007,Shenzhen,China,classic_evrptw,r,10007,80,20,80,14,0.17500000000000004,0.27870514000197877,0.0,1.1448865317610253,0.4943985715922156,0.035764979027491504,1381.8481130335358,1.3818481130335358,2.618669360877542,8.286353583764637,0.6027720573760291,0.16138543962579632,0,14,14
Shenzhen|classic_evrptw|r|80|20|10008,Shenzhen,China,classic_evrptw,r,10008,80,20,80,9,0.11250000000000004,0.36169656599548267,0.0,0.5175838749496967,0.7483279837732115,0.04432813104165621,1685.4310610432249,1.6854310610432248,8.68399184932507,22.510906002202265,3.538279237304738,0.045785815304304256,0,9,9
Shenzhen|classic_evrptw|r|80|20|10009,Shenzhen,China,classic_evrptw,r,10009,80,20,80,10,0.125,0.21155291169865337,0.0,0.5130567455515296,0.44303056119666845,0.0108639189915424,1000.3057854877102,1.0003057854877102,2.9742993236580477,14.65592093870378,2.1701503436642624,0.0008796784633925414,0,10,10
Shenzhen|classic_evrptw|r|80|20|10010,Shenzhen,China,classic_evrptw,r,10010,80,20,80,8,0.09999999999999998,0.1885797327004779,0.0,0.030204179707499706,0.4752962164446592,0.016780693567674004,974.0589366935828,0.9740589366935828,3.8470892705708826,16.853636783673977,3.02034811157331,0.1010701234697691,0,8,8
Shenzhen|classic_evrptw|rc|80|20|10001,Shenzhen,China,classic_evrptw,rc,10001,80,20,80,11,0.13749999999999996,0.13319561477633401,0.0,0.7411796833013923,0.502792478535817,-0.017613846572608532,741.1796833013923,0.7411796833013923,1.6854310610432248,6.688970514832151,2.941347840734515,-0.2042865841453656,0,11,11
Shenzhen|classic_evrptw|rc|80|20|10002,Shenzhen,China,classic_evrptw,rc,10002,80,20,80,11,0.13749999999999996,0.16374642032262204,0.0,0.8570235182888739,0.817428412440316,0.004649649130436617,1158.3584561176558,1.1583584561176559,1.6831256387150462,9.040488009120464,6.036008542718046,-0.04892988358579764,0,11,11
Shenzhen|classic_evrptw|rc|80|20|10003,Shenzhen,China,classic_evrptw,rc,10003,80,20,80,13,0.16249999999999998,0.22195189115404565,0.0,0.7235746284047309,0.36214930891646097,0.005690381257916795,723.5746284047309,0.7235746284047309,3.2328711992490398,4.965334865738144,0.35185784506060525,-0.07736108510508632,0,13,13
Shenzhen|classic_evrptw|rc|80|20|10004,Shenzhen,China,classic_evrptw,rc,10004,80,20,80,5,0.0625,0.12272902259644507,0.0,0.0,0.10491963934287793,0.009997863501613087,701.6486115540492,0.7016486115540492,4.178494024732628,22.045445837788062,1.0247979411416623,0.04542557644814749,0,5,5
Shenzhen|classic_evrptw|rc|80|20|10005,Shenzhen,China,classic_evrptw,rc,10005,80,20,80,11,0.13749999999999996,0.154146177723958,0.0,0.39913663317971726,0.3826233341751559,0.019418668007764116,821.5510830468693,0.8215510830468693,2.577428590330741,15.092491007975738,1.330316246251086,0.1718677016731125,0,11,11
Shenzhen|classic_evrptw|rc|80|20|10006,Shenzhen,China,classic_evrptw,rc,10006,80,20,80,4,0.050000000000000044,0.15840558722434087,0.0,0.0,0.347463730994034,0.013404420637110556,3404.2609460857084,3.4042609460857083,4.178494024732628,46.891955214020236,6.10338753040591,0.3272540020109466,0,4,4
Shenzhen|classic_evrptw|rc|80|20|10007,Shenzhen,China,classic_evrptw,rc,10007,80,20,80,17,0.21250000000000002,0.3571733206434491,0.0,0.8559683847007014,0.46778014725124956,0.05902095284879242,846.2931659126325,0.8462931659126325,4.178494024732628,15.892151982625784,1.760308278018612,0.28750923319735466,0,17,17
Shenzhen|classic_evrptw|rc|80|20|10008,Shenzhen,China,classic_evrptw,rc,10008,80,20,80,10,0.125,0.09280326752176372,0.0,0.24848922460578107,0.35351546110530874,0.0017084150836804036,294.8704121716105,0.2948704121716105,1.9689985739659936,7.825161566866987,2.097508757386487,-0.05222282058454131,0,10,10
Shenzhen|classic_evrptw|rc|80|20|10009,Shenzhen,China,classic_evrptw,rc,10009,80,20,80,15,0.1875,0.23983565439064927,0.0,0.7411796833013923,0.7701348534904234,0.008317297736208762,741.1796833013923,0.7411796833013923,2.6148831920237936,6.688970514832151,2.941347840734515,-0.13617262908839978,0,15,15
Shenzhen|classic_evrptw|rc|80|20|10010,Shenzhen,China,classic_evrptw,rc,10010,80,20,80,6,0.07499999999999996,0.05698150657089504,0.0,0.0,0.15624921001003586,0.003245193939663699,688.811807092105,0.688811807092105,1.2389221589010673,6.876410675294552,2.247829550556119,-0.0771629208796537,0,6,6
Casablanca|multi_depot_evrptw|rc|80|20|10001,Casablanca,Morocco,multi_depot_evrptw,rc,10001,80,20,80,9,0.11250000000000004,0.14100873434478634,0.0,0.015446899978643739,0.34434205497885273,0.015829537486696972,464.57531222472744,0.4645753122247274,2.590051989293026,16.873390913341918,2.246914286889583,0.22382013381231017,0,9,9
Casablanca|two_echelon_evrp|rc|80|20|10001,Casablanca,Morocco,two_echelon_evrp,rc,10001,80,20,80,9,0.11250000000000004,0.14100873434478634,0.0,0.015446899978643739,0.34434205497885273,0.015829537486696972,464.57531222472744,0.4645753122247274,2.590051989293026,16.873390913341918,2.246914286889583,0.22382013381231017,0,9,9
Casablanca|multi_depot_evrptw|rc|80|20|10002,Casablanca,Morocco,multi_depot_evrptw,rc,10002,80,20,80,11,0.13749999999999996,0.877375895033559,0.0,1.3396145247659965,1.297894331073258,0.11204481373223707,8520.352822446357,8.520352822446357,9.034466643090353,188.4033415494514,12.630027430795524,1.0398206975336122,0,11,11
Casablanca|two_echelon_evrp|rc|80|20|10002,Casablanca,Morocco,two_echelon_evrp,rc,10002,80,20,80,14,0.17500000000000004,0.9011532904842131,0.0,1.3544822782357784,1.4192739439678346,0.11307949714605994,8167.067259017327,8.167067259017328,9.20893321123646,186.15332078404685,12.03860677225728,1.0612531315793525,0,14,14
Casablanca|multi_depot_evrptw|rc|80|20|10003,Casablanca,Morocco,multi_depot_evrptw,rc,10003,80,20,80,8,0.09999999999999998,0.2537649187020148,0.0,0.006878023332177367,0.33241551770319927,0.03406105465118322,359.9623025641624,0.35996230256416245,7.231201625032225,8.752601119361799,1.5205447231873095,0.24340283763847897,0,8,8
Casablanca|two_echelon_evrp|rc|80|20|10003,Casablanca,Morocco,two_echelon_evrp,rc,10003,80,20,80,6,0.07499999999999996,0.24143140599444987,0.0,0.0,0.2973655232457555,0.03522548670475423,1476.5833695091935,1.4765833695091934,8.043490048259368,30.906971220586613,1.7176357941200848,0.34018253084678407,0,6,6
Casablanca|multi_depot_evrptw|rc|80|20|10004,Casablanca,Morocco,multi_depot_evrptw,rc,10004,80,20,80,22,0.275,1.0665691806719462,0.0,2.3193758665001596,1.6933608651148002,0.14930318958262273,1889.595008715045,1.889595008715045,10.022799724262827,30.889123891811607,5.131053645460487,0.32693213132664783,0,22,22
Casablanca|two_echelon_evrp|rc|80|20|10004,Casablanca,Morocco,two_echelon_evrp,rc,10004,80,20,80,22,0.275,1.0665691806719462,0.0,2.3193758665001596,1.6933608651148002,0.14930318958262273,1889.595008715045,1.889595008715045,10.022799724262827,30.889123891811607,5.131053645460487,0.32693213132664783,0,22,22
Casablanca|multi_depot_evrptw|rc|80|20|10005,Casablanca,Morocco,multi_depot_evrptw,rc,10005,80,20,80,18,0.22499999999999998,0.8792358610178713,0.0,4.327192070808806,1.1333801870342446,0.12506656725662615,3341.44656736666,3.3414465673666602,6.9914456803554,75.50975354705668,6.0667389643291285,0.44944573256478443,0,18,18
Casablanca|two_echelon_evrp|rc|80|20|10005,Casablanca,Morocco,two_echelon_evrp,rc,10005,80,20,80,15,0.1875,0.7553271165566202,0.0,2.5247321718186875,1.0161668108065174,0.09706416006520605,2524.7321718186886,2.5247321718186884,7.2186290684700065,47.81880958923343,5.879718013244706,0.4055504360617588,0,15,15
Madrid|multi_depot_evrptw|rc|80|20|10001,Madrid,Spain,multi_depot_evrptw,rc,10001,80,20,80,17,0.21250000000000002,0.8211799369767617,0.0,4.421564437762568,1.0398445441628594,-0.00370133502176258,4287.925811806976,4.287925811806976,6.396166416318076,73.61784186844022,6.186331793680881,-0.04669520584513498,0,17,17
Madrid|two_echelon_evrp|rc|80|20|10001,Madrid,Spain,two_echelon_evrp,rc,10001,80,20,80,17,0.21250000000000002,0.8211799369767617,0.0,4.421564437762568,1.0398445441628594,-0.00370133502176258,4287.925811806976,4.287925811806976,6.396166416318076,73.61784186844022,6.186331793680881,-0.04669520584513498,0,17,17
Madrid|multi_depot_evrptw|rc|80|20|10002,Madrid,Spain,multi_depot_evrptw,rc,10002,80,20,80,15,0.1875,0.44717267137544375,0.0,1.2857045336700421,0.7524739286203669,0.02060787304638643,2077.772302380463,2.077772302380463,4.240458430683128,23.146011514465275,2.841268710658731,0.1755834601090167,0,15,15
Madrid|two_echelon_evrp|rc|80|20|10002,Madrid,Spain,two_echelon_evrp,rc,10002,80,20,80,15,0.1875,0.44717267137544375,0.0,1.2857045336700421,0.7524739286203669,0.02060787304638643,2077.772302380463,2.077772302380463,4.240458430683128,23.146011514465275,2.841268710658731,0.1755834601090167,0,15,15
Madrid|multi_depot_evrptw|rc|80|20|10003,Madrid,Spain,multi_depot_evrptw,rc,10003,80,20,80,13,0.16249999999999998,0.23705395013553365,0.0,0.6730982702808479,0.3619840620749219,-0.00032628554567571235,708.8676779567595,0.7088676779567595,3.837322525169516,30.908485065765188,2.203944829072598,0.06008383663676509,0,13,13
Madrid|two_echelon_evrp|rc|80|20|10003,Madrid,Spain,two_echelon_evrp,rc,10003,80,20,80,13,0.16249999999999998,0.23705395013553365,0.0,0.6730982702808479,0.3619840620749219,-0.00032628554567571235,708.8676779567595,0.7088676779567595,3.837322525169516,30.908485065765188,2.203944829072598,0.06008383663676509,0,13,13
Madrid|multi_depot_evrptw|rc|80|20|10004,Madrid,Spain,multi_depot_evrptw,rc,10004,80,20,80,13,0.16249999999999998,0.28477414184751826,0.0,0.6839175312130956,0.34454281155172334,0.011215158264607538,1197.6970038133204,1.1976970038133203,4.089489957540269,20.953323175373356,2.203944829072598,0.09936793300684027,0,13,13
Madrid|two_echelon_evrp|rc|80|20|10004,Madrid,Spain,two_echelon_evrp,rc,10004,80,20,80,13,0.16249999999999998,0.28477414184751826,0.0,0.6839175312130956,0.34454281155172334,0.011215158264607538,1197.6970038133204,1.1976970038133203,4.089489957540269,20.953323175373356,2.203944829072598,0.09936793300684027,0,13,13
Madrid|multi_depot_evrptw|rc|80|20|10005,Madrid,Spain,multi_depot_evrptw,rc,10005,80,20,80,11,0.13749999999999996,0.2984761149549334,0.0,0.45173125118004526,0.48924753393886833,-0.009563748410016712,1877.8054646629726,1.8778054646629725,4.287925811806976,30.805150150474745,2.8499871095509604,-0.04741424596269378,0,11,11
Madrid|two_echelon_evrp|rc|80|20|10005,Madrid,Spain,two_echelon_evrp,rc,10005,80,20,80,11,0.13749999999999996,0.2984761149549334,0.0,0.45173125118004526,0.48924753393886833,-0.009563748410016712,1877.8054646629726,1.8778054646629725,4.287925811806976,30.805150150474745,2.8499871095509604,-0.04741424596269378,0,11,11
Paris|multi_depot_evrptw|rc|80|20|10001,Paris,France,multi_depot_evrptw,rc,10001,80,20,80,21,0.26249999999999996,0.23124307987476087,0.0,1.3311654886791913,0.5980829643408089,0.01315652426277207,1230.288422575812,1.2302884225758122,1.331165488679193,25.393192609548652,2.397294419351278,0.040056012731659874,0,21,21
Paris|two_echelon_evrp|rc|80|20|10001,Paris,France,two_echelon_evrp,rc,10001,80,20,80,13,0.16249999999999998,0.10037103371121191,0.0,0.10132685870665253,0.39040377671138354,0.0047357865692427194,183.72044359529946,0.18372044359529946,1.1726550377750504,8.89997297747305,2.2645654607890155,-0.03936443004618717,0,13,13
Paris|multi_depot_evrptw|rc|80|20|10002,Paris,France,multi_depot_evrptw,rc,10002,80,20,80,16,0.19999999999999996,0.21552743484027945,0.0,1.178868231565426,0.5164305212982896,0.00472311272277878,1194.8383774787935,1.1948383774787936,1.603259956974004,44.380177172213486,2.891002556064008,0.037361191012144204,0,16,16
Paris|two_echelon_evrp|rc|80|20|10002,Paris,France,two_echelon_evrp,rc,10002,80,20,80,18,0.22499999999999998,0.13495636785722134,0.0,0.7468962737601341,0.2809635157491192,-0.0024561618849994844,746.8962737601341,0.7468962737601341,0.9962939195222269,16.713085332997082,1.2695088229938571,-0.04016110950580942,0,18,18
Paris|multi_depot_evrptw|rc|80|20|10003,Paris,France,multi_depot_evrptw,rc,10003,80,20,80,17,0.21250000000000002,0.11799720444358706,0.0,0.5533395034469617,0.28924252833937886,0.007660477571650612,540.4875923683517,0.5404875923683516,0.7389155342116711,32.25797606312183,1.5853872341160746,0.02131739207104419,0,17,17
Paris|two_echelon_evrp|rc|80|20|10003,Paris,France,two_echelon_evrp,rc,10003,80,20,80,17,0.21250000000000002,0.11799720444358706,0.0,0.5533395034469617,0.28924252833937886,0.007660477571650612,540.4875923683517,0.5404875923683516,0.7389155342116711,32.25797606312183,1.5853872341160746,0.02131739207104419,0,17,17
Paris|multi_depot_evrptw|rc|80|20|10004,Paris,France,multi_depot_evrptw,rc,10004,80,20,80,17,0.21250000000000002,0.14914873349593108,0.0,0.6836288870735658,0.32408328555742566,0.013186311526658407,682.8907948116835,0.6828907948116835,1.6550604040188368,27.57340966457896,1.4389079933562092,0.07824032615309473,0,17,17
Paris|two_echelon_evrp|rc|80|20|10004,Paris,France,two_echelon_evrp,rc,10004,80,20,80,17,0.21250000000000002,0.14914873349593108,0.0,0.6836288870735658,0.32408328555742566,0.013186311526658407,682.8907948116835,0.6828907948116835,1.6550604040188368,27.57340966457896,1.4389079933562092,0.07824032615309473,0,17,17
Paris|multi_depot_evrptw|rc|80|20|10005,Paris,France,multi_depot_evrptw,rc,10005,80,20,80,8,0.09999999999999998,0.06355114625835118,0.0,0.0014953926310471073,0.11214427011183944,0.0020106158256914973,451.3990206510957,0.4513990206510957,1.6032599569740038,16.891520281750946,0.947388921685543,0.03403117630576513,0,8,8
Paris|two_echelon_evrp|rc|80|20|10005,Paris,France,two_echelon_evrp,rc,10005,80,20,80,8,0.09999999999999998,0.06355114625835118,0.0,0.0014953926310471073,0.11214427011183944,0.0020106158256914973,451.3990206510957,0.4513990206510957,1.6032599569740038,16.891520281750946,0.947388921685543,0.03403117630576513,0,8,8
Shenzhen|multi_depot_evrptw|rc|80|20|10001,Shenzhen,China,multi_depot_evrptw,rc,10001,80,20,80,11,0.13749999999999996,0.13319561477633401,0.0,0.7411796833013923,0.502792478535817,-0.017613846572608532,741.1796833013923,0.7411796833013923,1.6854310610432248,6.688970514832151,2.941347840734515,-0.2042865841453656,0,11,11
Shenzhen|two_echelon_evrp|rc|80|20|10001,Shenzhen,China,two_echelon_evrp,rc,10001,80,20,80,11,0.13749999999999996,0.13319561477633401,0.0,0.7411796833013923,0.502792478535817,-0.017613846572608532,741.1796833013923,0.7411796833013923,1.6854310610432248,6.688970514832151,2.941347840734515,-0.2042865841453656,0,11,11
Shenzhen|multi_depot_evrptw|rc|80|20|10002,Shenzhen,China,multi_depot_evrptw,rc,10002,80,20,80,11,0.13749999999999996,0.16374642032262204,0.0,0.8570235182888739,0.817428412440316,0.004649649130436617,1158.3584561176558,1.1583584561176559,1.6831256387150462,9.040488009120464,6.036008542718046,-0.04892988358579764,0,11,11
Shenzhen|two_echelon_evrp|rc|80|20|10002,Shenzhen,China,two_echelon_evrp,rc,10002,80,20,80,11,0.13749999999999996,0.16374642032262204,0.0,0.8570235182888739,0.817428412440316,0.004649649130436617,1158.3584561176558,1.1583584561176559,1.6831256387150462,9.040488009120464,6.036008542718046,-0.04892988358579764,0,11,11
Shenzhen|multi_depot_evrptw|rc|80|20|10003,Shenzhen,China,multi_depot_evrptw,rc,10003,80,20,80,13,0.16249999999999998,0.22195189115404565,0.0,0.7235746284047309,0.36214930891646097,0.005690381257916795,723.5746284047309,0.7235746284047309,3.2328711992490398,4.965334865738144,0.35185784506060525,-0.07736108510508632,0,13,13
Shenzhen|two_echelon_evrp|rc|80|20|10003,Shenzhen,China,two_echelon_evrp,rc,10003,80,20,80,13,0.16249999999999998,0.22195189115404565,0.0,0.7235746284047309,0.36214930891646097,0.005690381257916795,723.5746284047309,0.7235746284047309,3.2328711992490398,4.965334865738144,0.35185784506060525,-0.07736108510508632,0,13,13
Shenzhen|multi_depot_evrptw|rc|80|20|10004,Shenzhen,China,multi_depot_evrptw,rc,10004,80,20,80,5,0.0625,0.12272902259644507,0.0,0.0,0.10491963934287793,0.009997863501613087,701.6486115540492,0.7016486115540492,4.178494024732628,22.045445837788062,1.0247979411416623,0.04542557644814749,0,5,5
Shenzhen|two_echelon_evrp|rc|80|20|10004,Shenzhen,China,two_echelon_evrp,rc,10004,80,20,80,5,0.0625,0.12272902259644507,0.0,0.0,0.10491963934287793,0.009997863501613087,701.6486115540492,0.7016486115540492,4.178494024732628,22.045445837788062,1.0247979411416623,0.04542557644814749,0,5,5
Shenzhen|multi_depot_evrptw|rc|80|20|10005,Shenzhen,China,multi_depot_evrptw,rc,10005,80,20,80,11,0.13749999999999996,0.154146177723958,0.0,0.39913663317971726,0.3826233341751559,0.019418668007764116,821.5510830468693,0.8215510830468693,2.577428590330741,15.092491007975738,1.330316246251086,0.1718677016731125,0,11,11
Shenzhen|two_echelon_evrp|rc|80|20|10005,Shenzhen,China,two_echelon_evrp,rc,10005,80,20,80,11,0.13749999999999996,0.154146177723958,0.0,0.39913663317971726,0.3826233341751559,0.019418668007764116,821.5510830468693,0.8215510830468693,2.577428590330741,15.092491007975738,1.330316246251086,0.1718677016731125,0,11,11
