key,city,country,variant,pattern,instance_seed,n_customers,n_stations,undirected_pair_count,fraction_asymmetric_pairs,median_asymmetry,mean_asymmetry,P90,P95,P99,max_asymmetry,median_absolute_direction_difference_m,P95_absolute_direction_difference_m,tt_undirected_pair_count,tt_fraction_asymmetric_pairs,tt_median_asymmetry,tt_mean_asymmetry,tt_P90,tt_P95,tt_P99,tt_max_asymmetry,tt_median_absolute_direction_difference_m,tt_P95_absolute_direction_difference_m
Casablanca|classic_evrptw|c|80|20|10001,Casablanca,Morocco,classic_evrptw,c,10001,80,20,5050,0.9162376237623763,0.01584497239410773,0.0656629027489333,0.12899810057808142,0.3285264421146464,1.0894416981906356,1.9300469861854865,161.7207231165421,1557.4100005685154,5050,0.9443564356435643,0.05613211345252776,0.09564184790443936,0.1765360352845302,0.30661017065002827,1.0366779701194555,1.8921798322050742,60.395729715372454,241.2887057087578
Casablanca|classic_evrptw|c|80|20|10002,Casablanca,Morocco,classic_evrptw,c,10002,80,20,5050,0.8578217821782178,0.011542949491859751,0.05050858948976977,0.09377513517628172,0.24436130280027704,0.7980904808750721,1.713412625510033,137.44202633224995,1244.3092572587848,5050,0.9306930693069307,0.04348510779587471,0.08012172627351173,0.17438748430807888,0.29646378113138455,0.7730279552033249,1.7387342997018174,44.232102863137015,210.93167913896184
Casablanca|classic_evrptw|c|80|20|10003,Casablanca,Morocco,classic_evrptw,c,10003,80,20,5050,0.9235643564356436,0.016451400890685967,0.052138069867020846,0.10193519790156473,0.21753137172339634,0.7542392694091608,1.7464304318120947,149.88755805442725,898.0922185456683,5050,0.9423762376237623,0.05396483504958169,0.07520550061500163,0.12171726034327518,0.22579609902634273,0.6989383451313868,1.67777488804027,47.023610805030955,126.702811672503
Casablanca|classic_evrptw|c|80|20|10004,Casablanca,Morocco,classic_evrptw,c,10004,80,20,5050,0.8863366336633663,0.011010223524841701,0.04644600045248186,0.08973748833804944,0.23920773892742564,0.6599768365787384,1.6361399020302263,130.73850465056285,1244.3092572587848,5050,0.9376237623762376,0.045452611072397994,0.08008096844996654,0.17052955119859228,0.29921816950749913,0.7330332220988777,1.7387342997018174,44.69232755131287,215.81145741048488
Casablanca|classic_evrptw|c|80|20|10005,Casablanca,Morocco,classic_evrptw,c,10005,80,20,5050,0.9217821782178218,0.010982087374758006,0.03971084239214032,0.06728880164815766,0.14869082082096494,0.5205015312000062,1.7198102942681646,105.60785731387023,789.1979436762307,5050,0.9356435643564357,0.05125601519273542,0.06899533662797484,0.12578198308418778,0.16942858478419362,0.618025717592054,1.5821631398170373,43.99569436236516,174.20188068204246
Casablanca|classic_evrptw|c|80|20|10006,Casablanca,Morocco,classic_evrptw,c,10006,80,20,5050,0.8928712871287129,0.010694616657149422,0.038463690201038306,0.06584622719988521,0.1600871604481639,0.6319046460541294,1.5418713053668864,123.53590813917435,729.0841797157861,5050,0.9273267326732674,0.036655535818299646,0.061870891176210065,0.10519350754137108,0.2268233743721,0.6024900772863782,1.4150956509150026,39.38368000265268,128.78335735249038
Casablanca|classic_evrptw|c|80|20|10007,Casablanca,Morocco,classic_evrptw,c,10007,80,20,5050,0.879009900990099,0.009618010947239495,0.038900340530043376,0.06581353484889893,0.189240134984196,0.5888789224781873,1.7668940202618808,104.71876331015847,651.0467499102887,5050,0.9396039603960396,0.04321246659007946,0.0643283240186618,0.1320067265575042,0.2040050799775262,0.5174529494796127,1.8417179888191997,38.69497683987004,121.77860654193591
Casablanca|classic_evrptw|c|80|20|10008,Casablanca,Morocco,classic_evrptw,c,10008,80,20,5050,0.9255445544554456,0.016452375022335708,0.04344088710828916,0.07232162229287721,0.1867871086162573,0.5838596318462671,1.7198102942681646,173.13959316888213,770.2295541678977,5050,0.9487128712871287,0.046942294512409395,0.06902708297840138,0.12748320794255674,0.2184933518909504,0.6076741633884943,1.5821631398170373,45.48013371681721,152.77405473445992
Casablanca|classic_evrptw|c|80|20|10009,Casablanca,Morocco,classic_evrptw,c,10009,80,20,5050,0.9227722772277228,0.01050503683415855,0.035961299769743896,0.04675020924068844,0.1344605361089987,0.737500250327267,1.8921834618405884,122.34871369593657,521.7435751286313,5050,0.9148514851485149,0.03728777559148452,0.05775026891430582,0.09504453915338304,0.17804367180634184,0.5930619865606602,1.892183461840588,35.63165223051749,128.4936200166313
Casablanca|classic_evrptw|c|80|20|10010,Casablanca,Morocco,classic_evrptw,c,10010,80,20,5050,0.9093069306930693,0.008874441429471459,0.032163488268997335,0.04743450576827659,0.09780744148497206,0.5085001863372745,1.7198102942681646,85.91753364270471,706.89317773207,5050,0.924950495049505,0.039901416580272894,0.05730448768002418,0.09129163532502532,0.15160963143998746,0.5239491824107066,1.5821631398170373,38.27413731463065,123.72337204242572
Casablanca|classic_evrptw|r|80|20|10001,Casablanca,Morocco,classic_evrptw,r,10001,80,20,5050,0.9605940594059406,0.019373945419968237,0.04658363542536446,0.09861081545360642,0.1667532799906348,0.5149497841780877,1.2128191003643252,177.49753991303623,963.5888294962341,5050,0.9726732673267326,0.04587910406138223,0.07245567268296489,0.1562451085286735,0.2320415689652667,0.47641951173776814,1.226909545442663,38.50398019283239,170.66223727238977
Casablanca|classic_evrptw|r|80|20|10002,Casablanca,Morocco,classic_evrptw,r,10002,80,20,5050,0.9657425742574257,0.019390432495723343,0.042811964006142164,0.09438745530955509,0.1485674510934434,0.43013231052557477,1.4383901294456902,177.29203934088946,1029.6844941356587,5050,0.9710891089108911,0.04267296346551348,0.06697200742941853,0.1491297117416457,0.2033403903385517,0.41902747822969655,1.5052272453788016,35.07903773633399,155.10216365491763
Casablanca|classic_evrptw|r|80|20|10003,Casablanca,Morocco,classic_evrptw,r,10003,80,20,5050,0.9586138613861386,0.017980269367663664,0.04436979127462168,0.09357491049874993,0.15756140661598209,0.4958123669877981,1.9233875881662066,166.45629591425677,1004.806968388714,5050,0.9697029702970297,0.04223534733193105,0.06598869395062198,0.14141124235982724,0.2009113410073048,0.43461965609742914,1.878494123799794,35.763454492106234,156.28460674358303
Casablanca|classic_evrptw|r|80|20|10004,Casablanca,Morocco,classic_evrptw,r,10004,80,20,5050,0.9574257425742574,0.017297857525355634,0.041761097738592635,0.09351678821977503,0.1486791051255888,0.4301612369033653,1.3099524841577161,155.85048606900818,1290.8695669173235,5050,0.9734653465346534,0.040468552100136904,0.06552092379220498,0.1443448411459037,0.20360791142619236,0.41916637124870765,1.1788718951737118,33.474778685464855,158.61892487257182
Casablanca|classic_evrptw|r|80|20|10005,Casablanca,Morocco,classic_evrptw,r,10005,80,20,5050,0.9594059405940594,0.020483930324718458,0.04664259997336015,0.10424837347310868,0.1633993675213712,0.45732761557285573,1.4161318846097508,191.49241960229142,1478.4126315266126,5050,0.9722772277227723,0.041839413621001034,0.06742786889421587,0.1446692108788165,0.21387827670657675,0.4417718943128129,1.3941559263025995,36.66289477249086,156.69932255741904
Casablanca|classic_evrptw|r|80|20|10006,Casablanca,Morocco,classic_evrptw,r,10006,80,20,5050,0.95009900990099,0.016524708713614413,0.04416313388417473,0.09628691421204877,0.16456408776097056,0.48714297299100884,1.9233875881662066,153.91529719683695,1123.1007524555544,5050,0.9675247524752475,0.0369459824119103,0.06309787955326786,0.1407983328975204,0.2057534351292747,0.42895033715401515,1.878494123799794,31.033850892192902,160.3200812640126
Casablanca|classic_evrptw|r|80|20|10007,Casablanca,Morocco,classic_evrptw,r,10007,80,20,5050,0.9522772277227722,0.018079448010521332,0.04906979290701867,0.1026350266723207,0.18559086199097913,0.5571757451643067,1.6149696630771888,167.14141893388478,1304.9989332690457,5050,0.9675247524752475,0.04378282132466895,0.07269708841138199,0.15730698665428985,0.24047340214867044,0.5221020256267228,1.4601147251848572,35.772615811964044,178.43100410617933
Casablanca|classic_evrptw|r|80|20|10008,Casablanca,Morocco,classic_evrptw,r,10008,80,20,5050,0.9568316831683168,0.017733206668195996,0.05121307252206383,0.11858508661747252,0.20156461353113334,0.5759420741310058,1.6149696630771888,167.55005257651067,1749.6995790875674,5050,0.9722772277227723,0.043659224574549974,0.07469063632816099,0.16012000788558742,0.2522256090144558,0.5225518805651617,1.4601147251848572,38.81635407973175,199.99911450669055
Casablanca|classic_evrptw|r|80|20|10009,Casablanca,Morocco,classic_evrptw,r,10009,80,20,5050,0.9588118811881188,0.020801285994610175,0.05059633715601018,0.11170066252460278,0.19439597504591608,0.5004717803507339,1.4371825763940915,179.5102720971513,1292.5291495298216,5050,0.9762376237623762,0.04517236222178156,0.0740161853244702,0.16724458190863498,0.25031481847322673,0.4821657330491084,1.3702318852234214,38.12349215615063,191.9307827467255
Casablanca|classic_evrptw|r|80|20|10010,Casablanca,Morocco,classic_evrptw,r,10010,80,20,5050,0.9554455445544554,0.016599507283359155,0.046402613179430695,0.10629834968524159,0.1879183144342298,0.5098626990821455,1.1274181448116403,156.86845607384384,1642.2969393236867,5050,0.9714851485148515,0.039515228773567106,0.0677423663806367,0.15211444954158115,0.231426769872325,0.4794583206210197,0.9919919265853637,33.17260923203207,170.37208119180133
Casablanca|classic_evrptw|rc|80|20|10001,Casablanca,Morocco,classic_evrptw,rc,10001,80,20,5050,0.9491089108910891,0.018455861170202648,0.058291089071466205,0.12285991017668949,0.2621595840485783,0.6189947316411457,1.9300469861854865,194.70997654261737,1665.359870663041,5050,0.973069306930693,0.05583568753201887,0.08803281345704267,0.17251638596283625,0.2960451189875126,0.6828418382545232,1.8921798322050742,52.947908222183855,230.86657529187553
Casablanca|classic_evrptw|rc|80|20|10002,Casablanca,Morocco,classic_evrptw,rc,10002,80,20,5050,0.9257425742574258,0.015887794336394,0.05156544925105308,0.1090356279637208,0.2492056656982759,0.5791251194941239,1.9233875881662066,167.20036262677195,1702.9132947966305,5050,0.9649504950495049,0.046030064968512294,0.07723115448902844,0.14985564223812395,0.25990720298360426,0.7101736099054181,1.878494123799794,41.34809421324195,204.38701430217412
Casablanca|classic_evrptw|rc|80|20|10003,Casablanca,Morocco,classic_evrptw,rc,10003,80,20,5050,0.9388118811881188,0.019110474312989314,0.048699355956688055,0.10629047907761537,0.18489693995334383,0.507558353964585,1.7464304318120947,186.01372211052467,1225.8528914005074,5050,0.9596039603960396,0.047726925146560406,0.07188195904674663,0.14584365113729,0.22753833878939417,0.5529397077054838,1.67777488804027,44.461520441288656,160.82775029534412
Casablanca|classic_evrptw|rc|80|20|10004,Casablanca,Morocco,classic_evrptw,rc,10004,80,20,5050,0.9338613861386139,0.015469542068948995,0.05168220599735561,0.1081401290156144,0.2356177934121248,0.6079755229684818,1.8419126882451529,167.21051206075344,1527.7202494639107,5050,0.9655445544554455,0.048073909841536595,0.08056912056028658,0.15927960195995472,0.2917789224915134,0.7055937379085454,1.657186063648424,45.705521737993934,228.8529102882746
Casablanca|classic_evrptw|rc|80|20|10005,Casablanca,Morocco,classic_evrptw,rc,10005,80,20,5050,0.9427722772277227,0.017641997161935846,0.045138121486771474,0.09987438166608917,0.17909405216014349,0.396937025178195,1.341653435719297,178.3361774271143,1276.11199555618,5050,0.9683168316831683,0.05099220878661875,0.0739097295936956,0.14635104875634858,0.21424037757958247,0.5380627302247581,1.341653435719297,46.32711052073546,200.1742070052767
Casablanca|classic_evrptw|rc|80|20|10006,Casablanca,Morocco,classic_evrptw,rc,10006,80,20,5050,0.9382178217821782,0.01480801107652942,0.043415966930595365,0.09057416433298456,0.19319686456044358,0.5284741265793372,1.9233875881662066,156.684894673268,1216.6088758524565,5050,0.9641584158415841,0.0417688760850156,0.07314941168020164,0.15445872947767425,0.27745741195895673,0.5940745213745211,1.878494123799794,40.503613833097404,195.98309496104343
Casablanca|classic_evrptw|rc|80|20|10007,Casablanca,Morocco,classic_evrptw,rc,10007,80,20,5050,0.9316831683168317,0.01246156125507089,0.044863487330235804,0.09858163079973392,0.19593204869949676,0.5690857221158677,1.6149696630771888,130.8539155927224,1256.0123536700303,5050,0.9592079207920792,0.040074500138714594,0.06399007837630108,0.13492807520313807,0.19866712119370164,0.5225115922688678,1.4601147251848572,34.958263574183434,153.24541122733638
Casablanca|classic_evrptw|rc|80|20|10008,Casablanca,Morocco,classic_evrptw,rc,10008,80,20,5050,0.9451485148514851,0.01707175526710269,0.04771129469322209,0.09986437751029506,0.1984827779143853,0.5885939374779289,1.9233875881662066,181.2903852255331,1323.3525934766767,5050,0.9673267326732673,0.047598331420340236,0.07690581356630241,0.15789542730636433,0.2578087503851297,0.6620439569543037,1.878494123799794,45.57847233051018,198.7699445720832
Casablanca|classic_evrptw|rc|80|20|10009,Casablanca,Morocco,classic_evrptw,rc,10009,80,20,5050,0.9401980198019801,0.015389385171989494,0.04598590221096323,0.0869997452877583,0.17286740820391203,0.6349993456779595,1.8921834618405884,150.8644992362415,1052.5422057434334,5050,0.9592079207920792,0.03923805196231363,0.06616888625932422,0.13237160176935528,0.23044364127457048,0.5581982114549419,1.892183461840588,36.5085930587457,180.58050710042664
Casablanca|classic_evrptw|rc|80|20|10010,Casablanca,Morocco,classic_evrptw,rc,10010,80,20,5050,0.9435643564356435,0.014754081070964441,0.03817756763613496,0.08180209900686256,0.1445963134160476,0.41275007716321643,1.341653435719297,147.82069469456746,1096.1666181136338,5050,0.9617821782178217,0.04328992552133597,0.06249210111234949,0.12396559538374165,0.1908305036075417,0.4536515342904255,1.341653435719297,40.44142719824674,147.14616918386542
Madrid|classic_evrptw|c|80|20|10001,Madrid,Spain,classic_evrptw,c,10001,80,20,5050,0.9558415841584158,0.024162645362579532,0.05864618469218124,0.11806936454145738,0.21052886615969016,0.7056119039785876,1.568038285960745,316.28876801977094,2348.9684152610225,5050,0.9601980198019802,0.06892176248477389,0.1102657341613672,0.2604293630646792,0.33441099601885516,0.7146821871804853,1.6074245074702627,74.65250311514637,405.26973088449836
Madrid|classic_evrptw|c|80|20|10002,Madrid,Spain,classic_evrptw,c,10002,80,20,5050,0.9514851485148514,0.03240976345808868,0.06542623808106034,0.11443852742372945,0.2200455036799464,0.7506513591645738,1.6770006427544593,407.17959771223195,2222.2805982645004,5050,0.974059405940594,0.08523698114873077,0.1272110870938061,0.2752656134325876,0.356522457512934,0.7802752957936527,1.7135338082948428,94.68371138685421,389.7640979462295
Madrid|classic_evrptw|c|80|20|10003,Madrid,Spain,classic_evrptw,c,10003,80,20,5050,0.974059405940594,0.04381075888708919,0.11019551214716222,0.18450556110792293,0.46586366777505206,1.341951316720772,1.9221813890652077,580.532204294861,2808.6574329216483,5050,0.9776237623762376,0.11235259918194515,0.17071378368941897,0.34265898664253547,0.5285819888187565,1.3407129604682402,1.935561683012899,118.71476550474159,479.086799116631
Madrid|classic_evrptw|c|80|20|10004,Madrid,Spain,classic_evrptw,c,10004,80,20,5050,0.9661386138613861,0.0400668900118583,0.10135432181988381,0.25866499436606266,0.43987896569004087,0.957976239033249,1.9250297430653922,528.5037055342148,5739.619590160503,5050,0.9782178217821782,0.09521634952402822,0.15307921787130058,0.34595348812288723,0.4851197691619118,0.9135149694171358,1.935561683012899,109.42074681929853,525.9856346795176
Madrid|classic_evrptw|c|80|20|10005,Madrid,Spain,classic_evrptw,c,10005,80,20,5050,0.9639603960396039,0.051256547701655567,0.10301805846294104,0.2560738591749914,0.40045421976475537,0.9399867677611078,1.9250297430653922,745.5132316647923,5902.744184746209,5050,0.9792079207920792,0.11497756164083867,0.15638451554301572,0.3315844826953369,0.4712254443364094,0.9144068780010586,1.935561683012899,145.17314462053855,532.4704119296836
Madrid|classic_evrptw|c|80|20|10006,Madrid,Spain,classic_evrptw,c,10006,80,20,5050,0.9645544554455445,0.0431068341735989,0.1028890981570795,0.2563765873391743,0.4306492009865312,1.0012456041311621,1.9250297430653922,616.8596984649157,5949.054677944101,5050,0.9700990099009901,0.0866738410848062,0.14487015792801647,0.3418434247682619,0.4739024525908586,0.9569310361758061,1.935561683012899,101.3526348088406,524.6683150597034
Madrid|classic_evrptw|c|80|20|10007,Madrid,Spain,classic_evrptw,c,10007,80,20,5050,0.9584158415841584,0.02489835408020946,0.0775959710964133,0.20828307606107554,0.37415524195224886,0.782369094225728,1.9393696713174382,277.94627838158704,4685.443969836935,5050,0.9742574257425742,0.059306015662010055,0.11007014201222298,0.24121846792604446,0.38426676334175824,0.8064492285591506,1.913249109901922,60.18063951027244,326.0426279070286
Madrid|classic_evrptw|c|80|20|10008,Madrid,Spain,classic_evrptw,c,10008,80,20,5050,0.9671287128712871,0.03299530847697011,0.0899546987737648,0.14727036033100097,0.3305635816493745,1.2601329718127567,1.9221813890652077,488.57972418954705,2691.9245622916974,5050,0.9679207920792079,0.07901798123026939,0.13503616510742067,0.27655100516972214,0.42239322175370947,1.183826357299937,1.935561683012899,91.98026020188723,428.9398701434891
Madrid|classic_evrptw|c|80|20|10009,Madrid,Spain,classic_evrptw,c,10009,80,20,5050,0.9629702970297029,0.024617218074794854,0.06396023348893012,0.11975777599684446,0.20509548776957104,0.7803684129638363,1.7656048984218868,300.76077656795314,2218.1335285990463,5050,0.9639603960396039,0.067096471774518,0.10023471356771686,0.21171114196704108,0.2814882574458108,0.7442161987564281,1.6277706797813303,78.35105929538827,296.36843545433646
Madrid|classic_evrptw|c|80|20|10010,Madrid,Spain,classic_evrptw,c,10010,80,20,5050,0.9631683168316831,0.02593968648359348,0.0649727054651461,0.11172878596988453,0.21663992558801387,0.8888080181886486,1.9347738114205626,337.46545387510287,1613.890825289437,5050,0.9657425742574257,0.04223087798091872,0.08942859228704658,0.18925177970776252,0.3012241216490755,0.9244253266309237,1.9259908085466613,55.57405954811338,253.4226804884283
Madrid|classic_evrptw|r|80|20|10001,Madrid,Spain,classic_evrptw,r,10001,80,20,5050,0.9825742574257426,0.032438372442945326,0.06353504940520673,0.15477757929395117,0.24106266049277333,0.45767595366782293,1.1586933103072639,413.50894041182937,3149.5525829960047,5050,0.9883168316831683,0.07009673756224927,0.10371935707023941,0.23404369512528356,0.3080673447364974,0.4977835736835832,1.3375977193664899,80.01411061383851,340.99849325010655
Madrid|classic_evrptw|r|80|20|10002,Madrid,Spain,classic_evrptw,r,10002,80,20,5050,0.9813861386138614,0.03422908997259927,0.07054362475076231,0.16449995839236434,0.27029808351174955,0.5557524048152481,1.5089203754612819,419.77051317554196,3126.9519650822044,5050,0.9897029702970297,0.06662135879039613,0.10224227834014893,0.23490387781869293,0.3132651297075867,0.5404357355097714,1.5695495068383825,74.56057126290398,357.3288003861543
Madrid|classic_evrptw|r|80|20|10003,Madrid,Spain,classic_evrptw,r,10003,80,20,5050,0.9796039603960396,0.02953666325901322,0.054016352455037414,0.12523490003701362,0.19061909133308302,0.3795844440466479,1.141393897310956,354.4441161511113,2387.084865837017,5050,0.9885148514851485,0.0616277148699192,0.0882244430546728,0.19627464915183448,0.263477878268058,0.43761383577967683,1.3311264600943216,70.59051311953533,276.12933286035786
Madrid|classic_evrptw|r|80|20|10004,Madrid,Spain,classic_evrptw,r,10004,80,20,5050,0.9811881188118812,0.03311420354573887,0.06442992634059505,0.1601644197357228,0.2434886427345802,0.4434001279470215,0.993904238694817,408.6493849301496,3130.7163964211786,5050,0.9855445544554455,0.06514097633339916,0.09473932667790073,0.20849000389739697,0.27971786369769275,0.4676479117934549,1.1703014534475438,78.25620644853302,306.18230393336984
Madrid|classic_evrptw|r|80|20|10005,Madrid,Spain,classic_evrptw,r,10005,80,20,5050,0.9835643564356435,0.03352903793622784,0.0663287504443861,0.16232002463956663,0.24532270050915714,0.5237115238642567,1.3377981474916574,423.0563135589,3276.6432018660516,5050,0.9883168316831683,0.0617140386546864,0.09341526586287309,0.21146189665187212,0.2845373831358239,0.5018842036904644,1.5695495068383825,71.67119187640469,321.34068346793475
Madrid|classic_evrptw|r|80|20|10006,Madrid,Spain,classic_evrptw,r,10006,80,20,5050,0.9772277227722772,0.032079232847472945,0.06099747895451414,0.14766413497203523,0.22124769036633002,0.4216554185551688,0.993904238694817,397.5858852559868,2924.7863510276197,5050,0.9883168316831683,0.06559155029932019,0.0933299612305767,0.2063281613373333,0.27310884863353996,0.46566958468156744,1.1703014534475438,76.92555050998067,296.46362310699755
Madrid|classic_evrptw|r|80|20|10007,Madrid,Spain,classic_evrptw,r,10007,80,20,5050,0.9835643564356435,0.03374870634146765,0.07324589413420285,0.17895212170869831,0.30046630436505445,0.5901736365485394,1.42330076564109,418.1344452986309,4387.538915438762,5050,0.9900990099009901,0.06573351658399534,0.10347709205693534,0.23403758784695827,0.3364563941086505,0.5993087615027153,1.1883074996418634,74.80785613357364,365.6824226465959
Madrid|classic_evrptw|r|80|20|10008,Madrid,Spain,classic_evrptw,r,10008,80,20,5050,0.9805940594059406,0.030093485772142027,0.06275963790716466,0.14517454007255046,0.23699670217756852,0.5128476596503431,1.3828317309985811,356.2532319220511,2676.7746208820195,5050,0.9875247524752475,0.07006460050362538,0.10349595556808641,0.23933576218836114,0.3061111451998963,0.4901542008778041,1.3367562805826607,76.92585897664105,340.4625925874329
Madrid|classic_evrptw|r|80|20|10009,Madrid,Spain,classic_evrptw,r,10009,80,20,5050,0.9805940594059406,0.03162993661620203,0.06425594935232112,0.15284955908369655,0.23652625100638705,0.5238039937991167,1.141393897310956,392.5451984386018,3064.842202896607,5050,0.9897029702970297,0.06415434451401704,0.09708776997258949,0.23247312655469646,0.30702854622922593,0.4838371131200964,1.3311264600943216,74.90132322543622,361.9176074134295
Madrid|classic_evrptw|r|80|20|10010,Madrid,Spain,classic_evrptw,r,10010,80,20,5050,0.978019801980198,0.03267356118515696,0.06767242016414299,0.15606209619272246,0.25496716053333013,0.5626564670966634,1.2549298956049697,401.2906138688868,3197.9559521572933,5050,0.9871287128712871,0.0634080455467588,0.09793754420444713,0.22583543625193403,0.3004983737395039,0.5315559526903141,1.3375977193664899,72.48247337697092,349.6043508585436
Madrid|classic_evrptw|rc|80|20|10001,Madrid,Spain,classic_evrptw,rc,10001,80,20,5050,0.9734653465346534,0.027222933363411757,0.057444910742654315,0.13174830405950466,0.2173150648836668,0.46836170080341843,1.568038285960745,371.58231114417686,2603.765893895527,5050,0.9798019801980198,0.07484738892603109,0.11174037033956136,0.26923173030175324,0.3382618617396082,0.5232730234138797,1.3833841874603587,84.06181328302682,432.48337806878584
Madrid|classic_evrptw|rc|80|20|10002,Madrid,Spain,classic_evrptw,rc,10002,80,20,5050,0.974059405940594,0.03512473496875183,0.06658025565060509,0.14588625425592797,0.23754297162617785,0.48669238504924034,1.4253511036093625,464.54254246338314,2631.5652281341136,5050,0.9847524752475247,0.0777616194549155,0.11266459303284487,0.264108040998429,0.3374381036838519,0.5425381060871143,1.3945709667902741,92.32597157190878,398.6804164815922
Madrid|classic_evrptw|rc|80|20|10003,Madrid,Spain,classic_evrptw,rc,10003,80,20,5050,0.9825742574257426,0.04148556474494154,0.08467299372432834,0.1617911495493444,0.25083121490703925,1.091069777272553,1.9221813890652077,540.8597191438721,3166.9072398617573,5050,0.9879207920792079,0.09101170762490576,0.13945754029329596,0.29366000895820926,0.4010121242905537,1.027275164714209,1.935561683012899,103.76928994270463,450.4055038865969
Madrid|classic_evrptw|rc|80|20|10004,Madrid,Spain,classic_evrptw,rc,10004,80,20,5050,0.9841584158415841,0.040548908528832875,0.09167918253114736,0.22883462841594507,0.33051146278949256,0.8073252265366689,1.9250297430653922,546.3756925035686,5308.705257236347,5050,0.9889108910891089,0.08564133515841835,0.1345739532763145,0.30632869793923956,0.39683647745260836,0.7698978966732986,1.935561683012899,104.61308521960399,487.65463484760295
Madrid|classic_evrptw|rc|80|20|10005,Madrid,Spain,classic_evrptw,rc,10005,80,20,5050,0.9805940594059406,0.040757309231919774,0.09088545700335247,0.21841028775497762,0.3261079528808191,0.8073252265366689,1.9250297430653922,583.0711717935001,5804.426126539782,5050,0.9897029702970297,0.08779163885805039,0.13525452698335289,0.3013194164764754,0.4029853644585298,0.7452980031200053,1.935561683012899,110.33450944654845,496.4415005831486
Madrid|classic_evrptw|rc|80|20|10006,Madrid,Spain,classic_evrptw,rc,10006,80,20,5050,0.978019801980198,0.04132234209623882,0.09179910551031584,0.22350824531730532,0.32729485770655514,0.815971414561905,1.9250297430653922,564.3466113281347,5585.495996807673,5050,0.9855445544554455,0.08535580338995535,0.13253139608145847,0.3043610088280848,0.4210376881397367,0.7698978966732986,1.935561683012899,102.66753140723938,488.52689673377284
Madrid|classic_evrptw|rc|80|20|10007,Madrid,Spain,classic_evrptw,rc,10007,80,20,5050,0.972079207920792,0.029754185188094466,0.07490170479760086,0.18533969998372904,0.2870495601308107,0.6359811649435675,1.9588926490724756,349.88711491707636,4502.626181075057,5050,0.9841584158415841,0.0679374342800382,0.1082832614289759,0.2388088917529063,0.32943268948688914,0.5962952702598463,1.9319221337931427,74.62867390497172,349.903705339998
Madrid|classic_evrptw|rc|80|20|10008,Madrid,Spain,classic_evrptw,rc,10008,80,20,5050,0.978019801980198,0.035682239221071395,0.08649887094619152,0.1900202221242828,0.3152830609190927,0.7989637900310161,1.9221813890652077,519.2022249698257,4400.549691047142,5050,0.9863366336633663,0.08054665941095368,0.12493272145381043,0.26722096290624103,0.3552247848662526,0.8347785203651008,1.935561683012899,100.3993129112448,430.7135121329973
Madrid|classic_evrptw|rc|80|20|10009,Madrid,Spain,classic_evrptw,rc,10009,80,20,5050,0.9736633663366336,0.028325353070054165,0.05866796708665276,0.1308164351578986,0.19762955150222353,0.4792978430302689,1.7656048984218868,367.1737947185734,2403.899483108223,5050,0.9817821782178218,0.062079178780587496,0.09661120431489865,0.2214980706341312,0.29421000754624693,0.5355800449547845,1.6277706797813303,74.2695843968088,344.633497349803
Madrid|classic_evrptw|rc|80|20|10010,Madrid,Spain,classic_evrptw,rc,10010,80,20,5050,0.9823762376237624,0.031555545368419716,0.06107502566457375,0.12208705343892459,0.1980543194224059,0.5409699577847501,1.568038285960745,415.0438176752923,2229.883398122577,5050,0.9827722772277228,0.05687721583406171,0.09371580211080305,0.2130944035315969,0.2977179490663198,0.6330556160476569,1.5006378880092481,73.71704872303383,324.7663056023972
Paris|classic_evrptw|c|80|20|10001,Paris,France,classic_evrptw,c,10001,80,20,5050,0.9849504950495049,0.04989015643917709,0.12836496980536058,0.276721644735178,0.6336841342354835,1.426273026867009,1.9751738666876815,349.6203936867423,1650.417146819923,5050,0.9813861386138614,0.050224845922236305,0.1254820001623177,0.28535548136153094,0.552328536328311,1.3465307681165013,1.9655855992448208,47.930174379800334,200.82131832346136
Paris|classic_evrptw|c|80|20|10002,Paris,France,classic_evrptw,c,10002,80,20,5050,0.9752475247524752,0.043138374785457005,0.1160524958914965,0.24916595730125846,0.5480372205944101,1.335231178130853,1.9751738666876815,286.3637716371977,1367.6068065400937,5050,0.9807920792079208,0.05604929256168192,0.12082229084906156,0.24590864720062758,0.4850858338923141,1.227202109955823,1.9655855992448208,47.01396026258294,202.00864039753452
Paris|classic_evrptw|c|80|20|10003,Paris,France,classic_evrptw,c,10003,80,20,5050,0.9871287128712871,0.07575297387534444,0.16203644641702733,0.34499654542628816,0.7149232649166917,1.4409731891098483,1.9663154975021704,470.81833117719094,1945.1285567115406,5050,0.9881188118811881,0.08102490173469437,0.16281582110877388,0.3481139297091483,0.6900306170739489,1.3613122605482864,1.9588114330657516,71.83545208629965,258.2371457096313
Paris|classic_evrptw|c|80|20|10004,Paris,France,classic_evrptw,c,10004,80,20,5050,0.9803960396039604,0.05093561923109223,0.12907426284507317,0.3020058669918511,0.6431954946366957,1.2723156759310164,1.9751738666876815,364.5518502035711,1713.7235766303477,5050,0.9815841584158416,0.05713122280271061,0.13193052624565968,0.3119536169573004,0.568231085726113,1.2374703116921035,1.9655855992448208,52.03297132283825,261.9699322703441
Paris|classic_evrptw|c|80|20|10005,Paris,France,classic_evrptw,c,10005,80,20,5050,0.9801980198019802,0.048334674113429565,0.11990223001766652,0.26272682058132535,0.5303483778532898,1.2950121278161948,1.8625927843093324,326.0993260141295,1582.37379405859,5050,0.9778217821782178,0.05817557469658424,0.12713125000907594,0.2903837638856452,0.5230698569211126,1.2122215435249784,1.8521881813349552,50.7835964233592,216.39021268580828
Paris|classic_evrptw|c|80|20|10006,Paris,France,classic_evrptw,c,10006,80,20,5050,0.9710891089108911,0.034533243053692854,0.09882297914679829,0.24173049020163345,0.4571044561237938,1.0594484426697957,1.9751738666876815,248.93794838417944,1433.6388927384562,5050,0.9710891089108911,0.04100352842209479,0.10116241674331249,0.23234785541237393,0.4202854807175793,1.0034658887677899,1.9655855992448208,36.5152641784959,199.88702786468315
Paris|classic_evrptw|c|80|20|10007,Paris,France,classic_evrptw,c,10007,80,20,5050,0.9748514851485148,0.03890160836004275,0.10682996272853895,0.22039965532630634,0.5076715846035506,1.2519988405294067,1.8267564456113137,258.82947714234115,1269.1370402270782,5050,0.9732673267326732,0.0516483268703245,0.11701727757457833,0.24942963135179183,0.49013087120450444,1.193482329409094,1.7472139912001792,44.61225533418326,193.07601910448807
Paris|classic_evrptw|c|80|20|10008,Paris,France,classic_evrptw,c,10008,80,20,5050,0.9784158415841584,0.043414495440542225,0.09606819584986435,0.18017213782921074,0.41829043589377235,1.043925406667088,1.795017660172344,280.3014672666013,1046.204948036567,5050,0.9792079207920792,0.049687187306439895,0.10128064032200439,0.2071096145515484,0.3764770417010568,1.0058238428385704,1.7560798537824311,43.02419690575101,149.80600020349138
Paris|classic_evrptw|c|80|20|10009,Paris,France,classic_evrptw,c,10009,80,20,5050,0.9803960396039604,0.04691166950492434,0.1144485910543504,0.23897652277790254,0.5122241838240079,1.3018484398957053,1.9202034349018884,300.6820032219557,1403.7639178972745,5050,0.978019801980198,0.05630602415484691,0.12207361162971268,0.2606395804009714,0.4775339807915795,1.2206875871452738,1.8821630037075632,48.716936931840166,210.00729760634056
Paris|classic_evrptw|c|80|20|10010,Paris,France,classic_evrptw,c,10010,80,20,5050,0.979009900990099,0.05007565311818363,0.11179092751888524,0.24900907158398292,0.4377012200307323,1.1923641742826412,1.9510948766213505,304.9043444597626,2180.3938411377694,5050,0.9758415841584158,0.045130101662941326,0.09792192659746983,0.20580434630130637,0.37932681692768844,1.0122015645129732,1.9278156597639373,40.4025515798761,157.52373200952658
Paris|classic_evrptw|r|80|20|10001,Paris,France,classic_evrptw,r,10001,80,20,5050,0.9857425742574257,0.04802700525871534,0.08271262231568006,0.19474101583198478,0.27136433632964463,0.5005804364192095,1.1174616839105158,285.28042083012633,1579.0392363649667,5050,0.9857425742574257,0.05540949407279934,0.08603974637494859,0.1973217773150911,0.27292487657571846,0.5006258963368544,0.8827991196817252,49.85931965446969,206.06272215033408
Paris|classic_evrptw|r|80|20|10002,Paris,France,classic_evrptw,r,10002,80,20,5050,0.9900990099009901,0.05370671589338746,0.08270000423923649,0.18102658372825658,0.25139076374698205,0.45989132303810426,1.3997409790317439,326.645902376923,1309.0447994628785,5050,0.9885148514851485,0.060637247534554496,0.08941083419044973,0.19869615738549354,0.2684294046619172,0.48867362883703974,1.3997409790317439,54.56378393138425,201.99837644985922
Paris|classic_evrptw|r|80|20|10003,Paris,France,classic_evrptw,r,10003,80,20,5050,0.981980198019802,0.04322934061762212,0.07154759818934879,0.16495184654806636,0.22597322346850912,0.43838332010821435,1.7044086047962597,257.63726675532075,1227.0599706043101,5050,0.9825742574257426,0.04847361369035766,0.07334811919713273,0.1628648210182938,0.22527077683971425,0.3999533484033671,1.7044409429593275,43.13982618125664,162.70506008651608
Paris|classic_evrptw|r|80|20|10004,Paris,France,classic_evrptw,r,10004,80,20,5050,0.9835643564356435,0.047124353402523175,0.07552249667858772,0.17557752498568385,0.2352549153880192,0.45706910695809694,1.3942835192661633,287.78084436394465,1239.9031534599465,5050,0.9807920792079208,0.055231772784867614,0.08302457883550755,0.1836654133655657,0.24610524191792624,0.44637752901206307,1.3977288120250861,49.04513363053354,196.61099572623087
Paris|classic_evrptw|r|80|20|10005,Paris,France,classic_evrptw,r,10005,80,20,5050,0.9875247524752475,0.05379595903472027,0.0906584662255439,0.21216485096934268,0.3069066415276503,0.5909440912942036,1.3625622762496898,326.61123125322865,1800.6921633291554,5050,0.9825742574257426,0.056946214057051595,0.09157528008940159,0.21165464461334196,0.30806796039733075,0.5441139602874285,1.3593859148363012,50.79123689019798,241.24711635789694
Paris|classic_evrptw|r|80|20|10006,Paris,France,classic_evrptw,r,10006,80,20,5050,0.9827722772277228,0.045646589316331976,0.07661803654334955,0.1776570519905852,0.2595209831331149,0.4895439027101908,0.9034826205244048,271.5535903380842,1304.2701869839066,5050,0.9849504950495049,0.0531630623024377,0.0829308139938682,0.19196475178055655,0.2713454381505077,0.4888541518533563,0.8471391570115467,46.97619350567703,208.46725016242436
Paris|classic_evrptw|r|80|20|10007,Paris,France,classic_evrptw,r,10007,80,20,5050,0.9867326732673267,0.04863718528625342,0.07869637037962121,0.1764486933353659,0.2554763847368526,0.4699525885283123,1.8355901329947928,299.1502491234817,1319.0226412090092,5050,0.9807920792079208,0.05324588078536306,0.08415905851055444,0.18988698137518417,0.25766513645929484,0.5012338542337388,1.856931936528972,48.44534875386378,203.86736530336876
Paris|classic_evrptw|r|80|20|10008,Paris,France,classic_evrptw,r,10008,80,20,5050,0.9869306930693069,0.05086071908446447,0.078668236993017,0.1799189036670736,0.25272159761386553,0.43594299892712157,1.3254781213365934,296.4939276234172,1266.4066889198555,5050,0.9871287128712871,0.05757128257931355,0.08323789538866191,0.18256607032119593,0.24783850744969554,0.4464840150977738,1.3145929905675346,50.12771205151881,179.46274493231402
Paris|classic_evrptw|r|80|20|10009,Paris,France,classic_evrptw,r,10009,80,20,5050,0.9869306930693069,0.05689711512610225,0.08909189835224302,0.20263816014069388,0.283039783140766,0.5120901436434604,1.641597535119892,335.039358829363,1620.7302072114096,5050,0.9865346534653465,0.059719174640461475,0.09039722517174376,0.20152804019536874,0.2773161613368309,0.4937024099534456,1.6362579718956785,52.51498658001151,220.9607619711159
Paris|classic_evrptw|r|80|20|10010,Paris,France,classic_evrptw,r,10010,80,20,5050,0.9885148514851485,0.04777520223073142,0.07767712392084436,0.18052330187881818,0.24683263112089315,0.4366987096921245,1.2524319427996187,282.98895855193314,1367.5861515098954,5050,0.9857425742574257,0.052252194799556284,0.08008470667868997,0.1832873245772166,0.24391367785090012,0.4143396958749917,1.417239271096234,46.6567381407944,185.67894068232292
Paris|classic_evrptw|rc|80|20|10001,Paris,France,classic_evrptw,rc,10001,80,20,5050,0.9879207920792079,0.05415250778901229,0.10879056628983459,0.23907853773252233,0.4044061575249197,0.9187747061638065,1.9789055643648417,371.660911979242,2018.722688134638,5050,0.9831683168316832,0.05966678955788078,0.11392480314587343,0.2564114964837776,0.3872627741101513,0.8338838598422027,1.9707585409084845,56.46076710831596,279.0736837605301
Paris|classic_evrptw|rc|80|20|10002,Paris,France,classic_evrptw,rc,10002,80,20,5050,0.9823762376237624,0.05038924548765779,0.10128875414504006,0.2004204719041592,0.338128416435052,1.1578643444126377,1.9789055643648417,326.66016821856874,1585.7311135342134,5050,0.9863366336633663,0.061780880159675554,0.11088044705873674,0.229502211245539,0.33477397395213554,1.0888598948130457,1.9707585409084845,55.3268149914076,239.2245898835294
Paris|classic_evrptw|rc|80|20|10003,Paris,France,classic_evrptw,rc,10003,80,20,5050,0.9857425742574257,0.06865949047861206,0.11894856798984739,0.24897202392955953,0.35662894901435976,1.092971180888348,1.9800828581393712,434.7160426309183,1841.2146562528947,5050,0.9873267326732673,0.0729489193703706,0.12203787699444596,0.25161610742264373,0.3551788143510833,1.0076793046043873,1.970853494599282,66.50981358873483,260.31274894972
Paris|classic_evrptw|rc|80|20|10004,Paris,France,classic_evrptw,rc,10004,80,20,5050,0.9867326732673267,0.049335880581544145,0.09885807861313177,0.21573840904433647,0.35000237163739345,0.9396135464719964,1.9751738666876815,329.8915969630575,1714.7884735476778,5050,0.9821782178217822,0.057483011887279375,0.10518371417267969,0.23883439528641037,0.3522488512912462,0.8239671838513072,1.9655855992448208,53.05165850974123,259.26115436457127
Paris|classic_evrptw|rc|80|20|10005,Paris,France,classic_evrptw,rc,10005,80,20,5050,0.9875247524752475,0.053566817524710486,0.10349029996446574,0.21997208184827985,0.3455655009642182,1.05285958879508,1.8267564456113137,360.80520427863485,1647.7179375683327,5050,0.9827722772277228,0.05953091736077537,0.10958440088445288,0.24679137965768558,0.3642196731446364,0.9598513569079847,1.7537491480957796,54.64830370567276,238.9937444701125
Paris|classic_evrptw|rc|80|20|10006,Paris,France,classic_evrptw,rc,10006,80,20,5050,0.9801980198019802,0.039980724996965096,0.08058274065345725,0.1672435352549826,0.2621803434406852,0.798418495496906,1.9751738666876815,283.6163564950275,1236.2490978440435,5050,0.9768316831683168,0.048337212042947,0.08680165108505808,0.1879137391913917,0.2708746039474699,0.7294592290618103,1.9655855992448208,42.64976032728538,198.52885824709315
Paris|classic_evrptw|rc|80|20|10007,Paris,France,classic_evrptw,rc,10007,80,20,5050,0.9821782178217822,0.044985303792449735,0.0861128449434952,0.17352339085798105,0.2647131225955029,0.9536891641490037,1.7447938676777004,294.86377862042696,1287.1720530058378,5050,0.9798019801980198,0.058725902864259806,0.09491956268197332,0.18863915923853017,0.2761931723763875,0.8449123385938296,1.7472139912001792,52.2159266264448,189.30431642867998
Paris|classic_evrptw|rc|80|20|10008,Paris,France,classic_evrptw,rc,10008,80,20,5050,0.9835643564356435,0.0487184477715102,0.08915079105405227,0.17971577096450558,0.2920858035644652,0.8155361064423471,1.9753012268283732,313.6233075154487,1268.9167255262387,5050,0.979009900990099,0.05435031287138671,0.09514127602591513,0.2030593955176663,0.3063044681866668,0.8100808076193554,1.9750706414108745,47.76155478766145,198.27772589786656
Paris|classic_evrptw|rc|80|20|10009,Paris,France,classic_evrptw,rc,10009,80,20,5050,0.9849504950495049,0.052911941183094405,0.10672934793969732,0.24151383435590837,0.3722803405008437,0.980365648356137,1.9202034349018884,349.3278071056998,2188.602541219814,5050,0.9861386138613861,0.06586767912608481,0.11631678374490642,0.2551732072554818,0.37852479817597934,0.8778035743899277,1.8821630037075632,57.8744581994398,270.0007354515887
Paris|classic_evrptw|rc|80|20|10010,Paris,France,classic_evrptw,rc,10010,80,20,5050,0.9857425742574257,0.05300009141512056,0.10421220231788322,0.22971109696271638,0.3392994517047995,0.9333371944894857,1.9780295684768876,332.54389822172743,2318.2846727068727,5050,0.9817821782178218,0.050810924543027734,0.0929386546248294,0.20052615708757163,0.2860651315059002,0.8537201014598748,1.9684880505813964,44.688563179251105,224.17699911259098
Shenzhen|classic_evrptw|c|80|20|10001,Shenzhen,China,classic_evrptw,c,10001,80,20,5050,0.9655445544554455,0.027043193530487945,0.08755449794364914,0.15569237225167004,0.38611604678708217,1.2660800836431068,1.9459226482174763,493.41464933239695,3243.662297961204,5050,0.9714851485148515,0.04362983470826998,0.10416594972157503,0.20921031039965152,0.3876713558114021,1.1991601042657623,1.9275897671746742,58.630186746767095,311.34835762873115
Shenzhen|classic_evrptw|c|80|20|10002,Shenzhen,China,classic_evrptw,c,10002,80,20,5050,0.9552475247524752,0.02057657951969296,0.06566688420439529,0.12236019534102185,0.2581597797581098,0.9726600315444944,1.912219531707737,391.51074706486605,2782.1421962540408,5050,0.9607920792079208,0.038599407711516404,0.08153183473203955,0.1541852475654425,0.3066216021680226,0.8585772108203732,1.8609830872706772,58.73163878500236,266.35597314392163
Shenzhen|classic_evrptw|c|80|20|10003,Shenzhen,China,classic_evrptw,c,10003,80,20,5050,0.9689108910891089,0.03580415465942702,0.10468414769240031,0.20644221261792164,0.42192164814834576,1.2927786569003057,1.9819771284850412,593.6722477531875,3926.428606355287,5050,0.9764356435643564,0.05294156819083616,0.1186789597382435,0.238078292386613,0.44095908043818527,1.2952301458080946,1.9618716765170119,70.93235317096503,334.7883980637887
Shenzhen|classic_evrptw|c|80|20|10004,Shenzhen,China,classic_evrptw,c,10004,80,20,5050,0.9568316831683168,0.023887924897081206,0.07060876330452447,0.11009577704995799,0.27235716522357845,1.191462407865674,1.9679443982977591,416.6750526253363,1572.239638836082,5050,0.9689108910891089,0.04530592072044655,0.09509974955051238,0.1894953706635742,0.2902210830107275,1.1056087695725592,1.9646201052202852,59.33551277252798,236.23629916034483
Shenzhen|classic_evrptw|c|80|20|10005,Shenzhen,China,classic_evrptw,c,10005,80,20,5050,0.9746534653465346,0.033743669599924045,0.12191572997936603,0.24613622497226165,0.6765387299830393,1.3744974066192375,1.9819771284850412,574.9064724877069,4183.76662969127,5050,0.9782178217821782,0.05351871274725205,0.13234870915374333,0.2643471038503697,0.6249401509358148,1.3782321316534498,1.9618716765170119,70.47124453749171,363.7129656171257
Shenzhen|classic_evrptw|c|80|20|10006,Shenzhen,China,classic_evrptw,c,10006,80,20,5050,0.9172277227722773,0.016540064170366638,0.057216406727928375,0.0935740481140577,0.26676298491044464,0.8641648325024528,1.9156613753044318,326.407034009193,1615.862499737924,5050,0.959009900990099,0.03443847684791547,0.07360687937352203,0.15120744234679437,0.24390211003854662,0.7750311583626205,1.8821085173142904,52.64863339071189,219.67539847032504
Shenzhen|classic_evrptw|c|80|20|10007,Shenzhen,China,classic_evrptw,c,10007,80,20,5050,0.9435643564356435,0.025118386045527755,0.07463961092947566,0.14589867982770285,0.3424418213743371,0.9970726668519352,1.8819790130399827,431.06408147327784,1998.3790143773274,5050,0.9700990099009901,0.03844592961351574,0.08858136405739848,0.1735313425260472,0.3599242765198767,0.9492570038246771,1.8272725088447053,53.314192568531894,212.7647305554431
Shenzhen|classic_evrptw|c|80|20|10008,Shenzhen,China,classic_evrptw,c,10008,80,20,5050,0.9512871287128712,0.02858518722922048,0.10285908273491727,0.21968092509533552,0.4669355976698677,1.2978395368356246,1.9819771284850412,535.5188533539767,4489.902169943746,5050,0.9558415841584158,0.05033019976886829,0.1193611786921722,0.24010625616907347,0.5087285987846528,1.2330560595293847,1.9618716765170119,68.545301566695,391.89336237894605
Shenzhen|classic_evrptw|c|80|20|10009,Shenzhen,China,classic_evrptw,c,10009,80,20,5050,0.9576237623762376,0.026659625658677258,0.07051681705315758,0.13390714357021768,0.29926330902669834,0.9413664279949389,1.912219531707737,473.2771639055172,2797.475972469333,5050,0.9588118811881188,0.04158937599701875,0.08982646627624796,0.19694123528424534,0.29685757633706206,0.8055973804082086,1.8609830872706772,57.2806559312821,301.3767001683314
Shenzhen|classic_evrptw|c|80|20|10010,Shenzhen,China,classic_evrptw,c,10010,80,20,5050,0.9675247524752475,0.02186269301381817,0.0654007599430733,0.10399647998179473,0.31054085486365746,0.9630135987649965,1.9156613753044318,355.27835286380554,1480.769368569127,5050,0.9788118811881188,0.04020279132623015,0.08402382211379354,0.16056618700841102,0.29720873715677454,0.9495794418436388,1.8821085173142904,52.17421946230638,197.70263229125771
Shenzhen|classic_evrptw|r|80|20|10001,Shenzhen,China,classic_evrptw,r,10001,80,20,5050,0.9566336633663366,0.015361027825877172,0.035113308244202335,0.07987029269648441,0.12873700484801875,0.3232708427653001,0.9086726103677689,524.6990245421503,2735.9058379523694,5050,0.977029702970297,0.03203588365916888,0.05437280104646314,0.12256557803565889,0.17566903839585185,0.3752635286827314,0.9596513780613242,80.83295717542228,346.03043544019204
Shenzhen|classic_evrptw|r|80|20|10002,Shenzhen,China,classic_evrptw,r,10002,80,20,5050,0.9502970297029703,0.013932215697808933,0.02746582348171827,0.060476652492485385,0.09359323785471721,0.21502582411511492,0.8340667675231521,467.68798036727094,1948.1193392950624,5050,0.972079207920792,0.02875145893950011,0.0456990840539542,0.0999731733959434,0.13643825221280212,0.2877308676565778,0.864274859264985,71.82924366904967,306.2990022128715
Shenzhen|classic_evrptw|r|80|20|10003,Shenzhen,China,classic_evrptw,r,10003,80,20,5050,0.9372277227722773,0.011305500149906673,0.02164454377226645,0.05032449184265012,0.07630678985111503,0.1561191709818086,0.4767483131678686,413.2870862436812,1721.2320535371005,5050,0.9805940594059406,0.02799305164391829,0.03981244790279577,0.08944644483784234,0.11750455622690162,0.19425929880573092,0.45281114977329606,74.85240468770701,249.74344960776233
Shenzhen|classic_evrptw|r|80|20|10004,Shenzhen,China,classic_evrptw,r,10004,80,20,5050,0.9455445544554455,0.013234101932282192,0.029567166176246006,0.06733382149176456,0.10971551139856728,0.2734438093768095,0.5649874439778756,466.7080698779009,2757.255241358876,5050,0.9754455445544554,0.030393506010284954,0.050905988109090715,0.117041403180125,0.1612856188473721,0.31871737754148616,0.8334791921907032,81.36387188341894,328.2121309135588
Shenzhen|classic_evrptw|r|80|20|10005,Shenzhen,China,classic_evrptw,r,10005,80,20,5050,0.9548514851485148,0.01660992701323489,0.036346702580391514,0.09001205523606372,0.13814235752639378,0.31016189650917403,0.916835728413544,536.7711800261823,4218.701268950034,5050,0.9798019801980198,0.034013649450522224,0.056072807937054825,0.12728905916980293,0.1738718572852661,0.362764904948642,0.9987225928299013,86.90409529639055,380.5438705097311
Shenzhen|classic_evrptw|r|80|20|10006,Shenzhen,China,classic_evrptw,r,10006,80,20,5050,0.9437623762376237,0.012189349880862819,0.029713099709422677,0.07143573622781726,0.11572119444223025,0.2620128351648829,1.025093052250614,411.69619837672326,2783.660369162358,5050,0.9764356435643564,0.02932946734229027,0.048640939170732526,0.11373315865333596,0.1576420583540255,0.2929052649262321,1.1232765692560998,76.47128551664673,352.47731610031366
Shenzhen|classic_evrptw|r|80|20|10007,Shenzhen,China,classic_evrptw,r,10007,80,20,5050,0.9526732673267326,0.01468096449796994,0.03058308839604876,0.07197751411692545,0.11060705064012721,0.2712171698660962,0.7503354238148106,506.3546660878783,2374.4058804992733,5050,0.9782178217821782,0.03263206462147562,0.05466565596892543,0.12835853260140834,0.18101498151520698,0.34190538391578246,0.6987678667069727,82.85700329795748,386.0325673855054
Shenzhen|classic_evrptw|r|80|20|10008,Shenzhen,China,classic_evrptw,r,10008,80,20,5050,0.9504950495049505,0.011658167564234007,0.026877573671255605,0.05987520863951018,0.09582184442241586,0.26486318302714684,0.7688913357350211,414.6387003238701,2458.2842556729483,5050,0.9772277227722772,0.0279877153679079,0.04469963703285393,0.09905304200804459,0.13761942428546578,0.28215088744221034,0.96702588823468,74.72570692019531,306.30699797022044
Shenzhen|classic_evrptw|r|80|20|10009,Shenzhen,China,classic_evrptw,r,10009,80,20,5050,0.9435643564356435,0.011171259919695756,0.025375874996142994,0.06127199597341835,0.097517667163471,0.21257431059037635,0.6043600057886208,405.9280681199548,2129.319772936392,5050,0.9768316831683168,0.028132399799254897,0.04491441117396968,0.10206494981006084,0.1429031196191345,0.26938274622465336,0.6656003923678865,73.83035667790523,281.35169352051463
Shenzhen|classic_evrptw|r|80|20|10010,Shenzhen,China,classic_evrptw,r,10010,80,20,5050,0.9548514851485148,0.015196926529883772,0.03831786346543915,0.09641977660814421,0.15149915688972015,0.3640121634417723,1.1529093960100731,532.7509519539599,4408.879161896796,5050,0.9807920792079208,0.03441841790371486,0.06044314233794364,0.13615842838326064,0.21083351711679604,0.42290364991379614,1.2014545032588158,90.18624714495104,431.45013170501335
Shenzhen|classic_evrptw|rc|80|20|10001,Shenzhen,China,classic_evrptw,rc,10001,80,20,5050,0.9445544554455445,0.015727197617044723,0.04161163618944026,0.07920700744495925,0.1305920253525588,0.6402401194357563,1.912219531707737,458.2621481433798,2192.40514977551,5050,0.9732673267326732,0.03214905912043416,0.059914981666374593,0.12250496020497086,0.17209061697303607,0.5524841432227237,1.8609830872706772,72.63162705137711,287.38340255863375
Shenzhen|classic_evrptw|rc|80|20|10002,Shenzhen,China,classic_evrptw,rc,10002,80,20,5050,0.9356435643564357,0.013544234035821463,0.03498584901139495,0.05894594206542561,0.09925994702346726,0.4731987726192559,1.912219531707737,387.6310050083066,1817.5230076338355,5050,0.973069306930693,0.030924097255342377,0.054982012281784245,0.10605771441076153,0.14332994860851953,0.49525572328738726,1.8609830872706772,70.39628319255507,258.8813179225909
Shenzhen|classic_evrptw|rc|80|20|10003,Shenzhen,China,classic_evrptw,rc,10003,80,20,5050,0.9562376237623762,0.01897671603815473,0.05749254792988083,0.12974423371662136,0.20980266981475518,0.8266227785503937,1.9819771284850412,510.34463121471435,4005.4214607941685,5050,0.978019801980198,0.03526218202736002,0.07223852604679014,0.15051942182157832,0.22858430231324445,0.7552141413984318,1.9618716765170119,76.65641840733952,364.9152365520278
Shenzhen|classic_evrptw|rc|80|20|10004,Shenzhen,China,classic_evrptw,rc,10004,80,20,5050,0.9479207920792079,0.014724311360384285,0.03844853535190121,0.07523850574503965,0.12361073680980997,0.5027523987674287,1.9679443982977591,426.1090966774009,1812.803509524427,5050,0.975049504950495,0.03306155980275441,0.06264654636002986,0.1333857383222311,0.19389783667490865,0.4933051815855073,1.9646201052202852,74.59612683294017,312.62281188950624
Shenzhen|classic_evrptw|rc|80|20|10005,Shenzhen,China,classic_evrptw,rc,10005,80,20,5050,0.958019801980198,0.01776121287475732,0.05512532298760125,0.12157254659008034,0.2103971820976137,0.7642853606704626,1.9819771284850412,492.088049804619,3788.824877984335,5050,0.9827722772277228,0.03533077516890207,0.07402985653052119,0.15247473674346992,0.23636336769471544,0.7238789111419609,1.9618716765170119,77.76528202310556,354.5597575537596
Shenzhen|classic_evrptw|rc|80|20|10006,Shenzhen,China,classic_evrptw,rc,10006,80,20,5050,0.9372277227722773,0.012500869565673572,0.033793114378319666,0.05998099454884484,0.09003266656816522,0.5133758297017295,1.9156613753044318,380.3252938143705,1636.3694231336526,5050,0.974059405940594,0.028481101912677446,0.05127980509827996,0.10474532964002593,0.13578573857857507,0.45872674641282296,1.8528203415098128,66.73955804804825,261.5025924027693
Shenzhen|classic_evrptw|rc|80|20|10007,Shenzhen,China,classic_evrptw,rc,10007,80,20,5050,0.94,0.015324698248033928,0.04204319068110712,0.07354737354827472,0.1527024989837641,0.5600791759725633,1.7789032883330078,447.5298695396323,1928.8460400493075,5050,0.975049504950495,0.030254566885560528,0.056794601470462974,0.10989437521418323,0.17335071204112276,0.5216864495296981,1.8171968935596394,66.77331284806598,264.0003237394898
Shenzhen|classic_evrptw|rc|80|20|10008,Shenzhen,China,classic_evrptw,rc,10008,80,20,5050,0.9611881188118812,0.019495446026986024,0.060468762044736904,0.13825154041999768,0.2204517981282686,0.7823000936056556,1.9819771284850412,550.2574599554828,4497.732997673125,5050,0.9796039603960396,0.03793868907874218,0.0815492248348317,0.1773569802550409,0.26152939226456173,0.8030989625268489,1.9618716765170119,88.72486682222427,447.67200277774765
Shenzhen|classic_evrptw|rc|80|20|10009,Shenzhen,China,classic_evrptw,rc,10009,80,20,5050,0.9483168316831683,0.015079226411502826,0.035640291178084475,0.06598282208108584,0.10862280545644841,0.4188467350746225,1.912219531707737,417.59275851495386,1903.4488885352712,5050,0.9706930693069307,0.02885644171129119,0.053179665292594276,0.1149195561888365,0.15681795848592733,0.4027268660467758,1.8609830872706772,67.6562846482318,275.38730181811434
Shenzhen|classic_evrptw|rc|80|20|10010,Shenzhen,China,classic_evrptw,rc,10010,80,20,5050,0.9601980198019802,0.015825034972812114,0.039502480443931114,0.0731820612099193,0.1122615592012643,0.5368778554995337,1.9156613753044318,437.4219181905537,1968.589526982286,5050,0.9778217821782178,0.033010958890047806,0.06024621010085784,0.12325703611240296,0.16456247442537864,0.49119169083394404,1.8528203415098128,72.09107099710604,271.24194727259163
Casablanca|multi_depot_evrptw|rc|80|20|10001,Casablanca,Morocco,multi_depot_evrptw,rc,10001,80,20,5050,0.9491089108910891,0.018455861170202648,0.058291089071466205,0.12285991017668949,0.2621595840485783,0.6189947316411457,1.9300469861854865,194.70997654261737,1665.359870663041,5050,0.973069306930693,0.05583568753201887,0.08803281345704267,0.17251638596283625,0.2960451189875126,0.6828418382545232,1.8921798322050742,52.947908222183855,230.86657529187553
Casablanca|two_echelon_evrp|rc|80|20|10001,Casablanca,Morocco,two_echelon_evrp,rc,10001,80,20,5050,0.9491089108910891,0.018455861170202648,0.058291089071466205,0.12285991017668949,0.2621595840485783,0.6189947316411457,1.9300469861854865,194.70997654261737,1665.359870663041,5050,0.973069306930693,0.05583568753201887,0.08803281345704267,0.17251638596283625,0.2960451189875126,0.6828418382545232,1.8921798322050742,52.947908222183855,230.86657529187553
Casablanca|multi_depot_evrptw|rc|80|20|10002,Casablanca,Morocco,multi_depot_evrptw,rc,10002,80,20,5050,0.9257425742574258,0.015887794336394,0.05156544925105308,0.1090356279637208,0.2492056656982759,0.5791251194941239,1.9233875881662066,167.20036262677195,1702.9132947966305,5050,0.9649504950495049,0.046030064968512294,0.07723115448902844,0.14985564223812395,0.25990720298360426,0.7101736099054181,1.878494123799794,41.34809421324195,204.38701430217412
Casablanca|two_echelon_evrp|rc|80|20|10002,Casablanca,Morocco,two_echelon_evrp,rc,10002,80,20,5050,0.9285148514851486,0.016552380224539004,0.05243270670421818,0.11020479831809256,0.2529496714721537,0.5953463121150752,1.9233875881662066,175.04572059321163,1702.91329479663,5050,0.9657425742574257,0.04727805095473443,0.07930249488120819,0.15476090636742715,0.2675919062339621,0.7101736099054181,1.878494123799794,44.23210286313724,215.17861945848927
Casablanca|multi_depot_evrptw|rc|80|20|10003,Casablanca,Morocco,multi_depot_evrptw,rc,10003,80,20,5050,0.9388118811881188,0.019110474312989314,0.048699355956688055,0.10629047907761537,0.18489693995334383,0.507558353964585,1.7464304318120947,186.01372211052467,1225.8528914005074,5050,0.9596039603960396,0.047726925146560406,0.07188195904674663,0.14584365113729,0.22753833878939417,0.5529397077054838,1.67777488804027,44.461520441288656,160.82775029534412
Casablanca|two_echelon_evrp|rc|80|20|10003,Casablanca,Morocco,two_echelon_evrp,rc,10003,80,20,5050,0.9433663366336633,0.018851683985937076,0.04891701951920343,0.1073589609622294,0.18168342523115585,0.5097550372348714,1.7464304318120947,182.58527933486312,1211.9818581130373,5050,0.9615841584158416,0.047564977600653785,0.07203812670172723,0.1464386155923215,0.22865136445918732,0.5571628576757536,1.67777488804027,43.914620160655716,160.827750295344
Casablanca|multi_depot_evrptw|rc|80|20|10004,Casablanca,Morocco,multi_depot_evrptw,rc,10004,80,20,5050,0.9338613861386139,0.015469542068948995,0.05168220599735561,0.1081401290156144,0.2356177934121248,0.6079755229684818,1.8419126882451529,167.21051206075344,1527.7202494639107,5050,0.9655445544554455,0.048073909841536595,0.08056912056028658,0.15927960195995472,0.2917789224915134,0.7055937379085454,1.657186063648424,45.705521737993934,228.8529102882746
Casablanca|two_echelon_evrp|rc|80|20|10004,Casablanca,Morocco,two_echelon_evrp,rc,10004,80,20,5050,0.9338613861386139,0.015469542068948995,0.05168220599735561,0.1081401290156144,0.2356177934121248,0.6079755229684818,1.8419126882451529,167.21051206075344,1527.7202494639107,5050,0.9655445544554455,0.048073909841536595,0.08056912056028658,0.15927960195995472,0.2917789224915134,0.7055937379085454,1.657186063648424,45.705521737993934,228.8529102882746
Casablanca|multi_depot_evrptw|rc|80|20|10005,Casablanca,Morocco,multi_depot_evrptw,rc,10005,80,20,5050,0.9427722772277227,0.017641997161935846,0.045138121486771474,0.09987438166608917,0.17909405216014349,0.396937025178195,1.341653435719297,178.3361774271143,1276.11199555618,5050,0.9683168316831683,0.05099220878661875,0.0739097295936956,0.14635104875634858,0.21424037757958247,0.5380627302247581,1.341653435719297,46.32711052073546,200.1742070052767
Casablanca|two_echelon_evrp|rc|80|20|10005,Casablanca,Morocco,two_echelon_evrp,rc,10005,80,20,5050,0.94,0.017193151824987686,0.04402695017899589,0.09498704110198922,0.17922293118952515,0.3895711745737879,1.341653435719297,175.04572059321254,1300.6489974781155,5050,0.9663366336633663,0.051457399678758044,0.07353908666686938,0.14690463098324624,0.21076208769768962,0.5100053517457925,1.341653435719297,46.90157844269174,201.83488976426102
Madrid|multi_depot_evrptw|rc|80|20|10001,Madrid,Spain,multi_depot_evrptw,rc,10001,80,20,5050,0.9734653465346534,0.027222933363411757,0.057444910742654315,0.13174830405950466,0.2173150648836668,0.46836170080341843,1.568038285960745,371.58231114417686,2603.765893895527,5050,0.9798019801980198,0.07484738892603109,0.11174037033956136,0.26923173030175324,0.3382618617396082,0.5232730234138797,1.3833841874603587,84.06181328302682,432.48337806878584
Madrid|two_echelon_evrp|rc|80|20|10001,Madrid,Spain,two_echelon_evrp,rc,10001,80,20,5050,0.9734653465346534,0.027222933363411757,0.057444910742654315,0.13174830405950466,0.2173150648836668,0.46836170080341843,1.568038285960745,371.58231114417686,2603.765893895527,5050,0.9798019801980198,0.07484738892603109,0.11174037033956136,0.26923173030175324,0.3382618617396082,0.5232730234138797,1.3833841874603587,84.06181328302682,432.48337806878584
Madrid|multi_depot_evrptw|rc|80|20|10002,Madrid,Spain,multi_depot_evrptw,rc,10002,80,20,5050,0.974059405940594,0.03512473496875183,0.06658025565060509,0.14588625425592797,0.23754297162617785,0.48669238504924034,1.4253511036093625,464.54254246338314,2631.5652281341136,5050,0.9847524752475247,0.0777616194549155,0.11266459303284487,0.264108040998429,0.3374381036838519,0.5425381060871143,1.3945709667902741,92.32597157190878,398.6804164815922
Madrid|two_echelon_evrp|rc|80|20|10002,Madrid,Spain,two_echelon_evrp,rc,10002,80,20,5050,0.974059405940594,0.03512473496875183,0.06658025565060509,0.14588625425592797,0.23754297162617785,0.48669238504924034,1.4253511036093625,464.54254246338314,2631.5652281341136,5050,0.9847524752475247,0.0777616194549155,0.11266459303284487,0.264108040998429,0.3374381036838519,0.5425381060871143,1.3945709667902741,92.32597157190878,398.6804164815922
Madrid|multi_depot_evrptw|rc|80|20|10003,Madrid,Spain,multi_depot_evrptw,rc,10003,80,20,5050,0.9825742574257426,0.04148556474494154,0.08467299372432834,0.1617911495493444,0.25083121490703925,1.091069777272553,1.9221813890652077,540.8597191438721,3166.9072398617573,5050,0.9879207920792079,0.09101170762490576,0.13945754029329596,0.29366000895820926,0.4010121242905537,1.027275164714209,1.935561683012899,103.76928994270463,450.4055038865969
Madrid|two_echelon_evrp|rc|80|20|10003,Madrid,Spain,two_echelon_evrp,rc,10003,80,20,5050,0.9825742574257426,0.04148556474494154,0.08467299372432834,0.1617911495493444,0.25083121490703925,1.091069777272553,1.9221813890652077,540.8597191438721,3166.9072398617573,5050,0.9879207920792079,0.09101170762490576,0.13945754029329596,0.29366000895820926,0.4010121242905537,1.027275164714209,1.935561683012899,103.76928994270463,450.4055038865969
Madrid|multi_depot_evrptw|rc|80|20|10004,Madrid,Spain,multi_depot_evrptw,rc,10004,80,20,5050,0.9841584158415841,0.040548908528832875,0.09167918253114736,0.22883462841594507,0.33051146278949256,0.8073252265366689,1.9250297430653922,546.3756925035686,5308.705257236347,5050,0.9889108910891089,0.08564133515841835,0.1345739532763145,0.30632869793923956,0.39683647745260836,0.7698978966732986,1.935561683012899,104.61308521960399,487.65463484760295
Madrid|two_echelon_evrp|rc|80|20|10004,Madrid,Spain,two_echelon_evrp,rc,10004,80,20,5050,0.9841584158415841,0.040548908528832875,0.09167918253114736,0.22883462841594507,0.33051146278949256,0.8073252265366689,1.9250297430653922,546.3756925035686,5308.705257236347,5050,0.9889108910891089,0.08564133515841835,0.1345739532763145,0.30632869793923956,0.39683647745260836,0.7698978966732986,1.935561683012899,104.61308521960399,487.65463484760295
Madrid|multi_depot_evrptw|rc|80|20|10005,Madrid,Spain,multi_depot_evrptw,rc,10005,80,20,5050,0.9805940594059406,0.040757309231919774,0.09088545700335247,0.21841028775497762,0.3261079528808191,0.8073252265366689,1.9250297430653922,583.0711717935001,5804.426126539782,5050,0.9897029702970297,0.08779163885805039,0.13525452698335289,0.3013194164764754,0.4029853644585298,0.7452980031200053,1.935561683012899,110.33450944654845,496.4415005831486
Madrid|two_echelon_evrp|rc|80|20|10005,Madrid,Spain,two_echelon_evrp,rc,10005,80,20,5050,0.9805940594059406,0.040757309231919774,0.09088545700335247,0.21841028775497762,0.3261079528808191,0.8073252265366689,1.9250297430653922,583.0711717935001,5804.426126539782,5050,0.9897029702970297,0.08779163885805039,0.13525452698335289,0.3013194164764754,0.4029853644585298,0.7452980031200053,1.935561683012899,110.33450944654845,496.4415005831486
Paris|multi_depot_evrptw|rc|80|20|10001,Paris,France,multi_depot_evrptw,rc,10001,80,20,5050,0.9879207920792079,0.05415250778901229,0.10879056628983459,0.23907853773252233,0.4044061575249197,0.9187747061638065,1.9789055643648417,371.660911979242,2018.722688134638,5050,0.9831683168316832,0.05966678955788078,0.11392480314587343,0.2564114964837776,0.3872627741101513,0.8338838598422027,1.9707585409084845,56.46076710831596,279.0736837605301
Paris|two_echelon_evrp|rc|80|20|10001,Paris,France,two_echelon_evrp,rc,10001,80,20,5050,0.9877227722772277,0.05321690048901223,0.10791963879364926,0.23925947387703328,0.3890530891357565,0.8899427600078362,1.9789055643648417,368.72211116318067,2010.988798017648,5050,0.982970297029703,0.059394694458124286,0.11332236404246572,0.25603798266603817,0.38034192100908154,0.8163129856232649,1.9707585409084845,56.71772355766251,279.15496722902253
Paris|multi_depot_evrptw|rc|80|20|10002,Paris,France,multi_depot_evrptw,rc,10002,80,20,5050,0.9823762376237624,0.05038924548765779,0.10128875414504006,0.2004204719041592,0.338128416435052,1.1578643444126377,1.9789055643648417,326.66016821856874,1585.7311135342134,5050,0.9863366336633663,0.061780880159675554,0.11088044705873674,0.229502211245539,0.33477397395213554,1.0888598948130457,1.9707585409084845,55.3268149914076,239.2245898835294
Paris|two_echelon_evrp|rc|80|20|10002,Paris,France,two_echelon_evrp,rc,10002,80,20,5050,0.9843564356435643,0.0513802675776142,0.10256553705248003,0.20814273146801088,0.34539532462049805,1.1578643444126377,1.9789055643648417,328.77061638670375,1593.4795400745452,5050,0.9879207920792079,0.06330158997982652,0.1127146553767135,0.23335861262106475,0.3381697578759128,1.0888598948130457,1.9707585409084845,56.74171670662855,238.38592257728976
Paris|multi_depot_evrptw|rc|80|20|10003,Paris,France,multi_depot_evrptw,rc,10003,80,20,5050,0.9857425742574257,0.06865949047861206,0.11894856798984739,0.24897202392955953,0.35662894901435976,1.092971180888348,1.9800828581393712,434.7160426309183,1841.2146562528947,5050,0.9873267326732673,0.0729489193703706,0.12203787699444596,0.25161610742264373,0.3551788143510833,1.0076793046043873,1.970853494599282,66.50981358873483,260.31274894972
Paris|two_echelon_evrp|rc|80|20|10003,Paris,France,two_echelon_evrp,rc,10003,80,20,5050,0.9857425742574257,0.06865949047861206,0.11894856798984739,0.24897202392955953,0.35662894901435976,1.092971180888348,1.9800828581393712,434.7160426309183,1841.2146562528947,5050,0.9873267326732673,0.0729489193703706,0.12203787699444596,0.25161610742264373,0.3551788143510833,1.0076793046043873,1.970853494599282,66.50981358873483,260.31274894972
Paris|multi_depot_evrptw|rc|80|20|10004,Paris,France,multi_depot_evrptw,rc,10004,80,20,5050,0.9867326732673267,0.049335880581544145,0.09885807861313177,0.21573840904433647,0.35000237163739345,0.9396135464719964,1.9751738666876815,329.8915969630575,1714.7884735476778,5050,0.9821782178217822,0.057483011887279375,0.10518371417267969,0.23883439528641037,0.3522488512912462,0.8239671838513072,1.9655855992448208,53.05165850974123,259.26115436457127
Paris|two_echelon_evrp|rc|80|20|10004,Paris,France,two_echelon_evrp,rc,10004,80,20,5050,0.9867326732673267,0.049335880581544145,0.09885807861313177,0.21573840904433647,0.35000237163739345,0.9396135464719964,1.9751738666876815,329.8915969630575,1714.7884735476778,5050,0.9821782178217822,0.057483011887279375,0.10518371417267969,0.23883439528641037,0.3522488512912462,0.8239671838513072,1.9655855992448208,53.05165850974123,259.26115436457127
Paris|multi_depot_evrptw|rc|80|20|10005,Paris,France,multi_depot_evrptw,rc,10005,80,20,5050,0.9875247524752475,0.053566817524710486,0.10349029996446574,0.21997208184827985,0.3455655009642182,1.05285958879508,1.8267564456113137,360.80520427863485,1647.7179375683327,5050,0.9827722772277228,0.05953091736077537,0.10958440088445288,0.24679137965768558,0.3642196731446364,0.9598513569079847,1.7537491480957796,54.64830370567276,238.9937444701125
Paris|two_echelon_evrp|rc|80|20|10005,Paris,France,two_echelon_evrp,rc,10005,80,20,5050,0.9875247524752475,0.053566817524710486,0.10349029996446574,0.21997208184827985,0.3455655009642182,1.05285958879508,1.8267564456113137,360.80520427863485,1647.7179375683327,5050,0.9827722772277228,0.05953091736077537,0.10958440088445288,0.24679137965768558,0.3642196731446364,0.9598513569079847,1.7537491480957796,54.64830370567276,238.9937444701125
Shenzhen|multi_depot_evrptw|rc|80|20|10001,Shenzhen,China,multi_depot_evrptw,rc,10001,80,20,5050,0.9445544554455445,0.015727197617044723,0.04161163618944026,0.07920700744495925,0.1305920253525588,0.6402401194357563,1.912219531707737,458.2621481433798,2192.40514977551,5050,0.9732673267326732,0.03214905912043416,0.059914981666374593,0.12250496020497086,0.17209061697303607,0.5524841432227237,1.8609830872706772,72.63162705137711,287.38340255863375
Shenzhen|two_echelon_evrp|rc|80|20|10001,Shenzhen,China,two_echelon_evrp,rc,10001,80,20,5050,0.9445544554455445,0.015727197617044723,0.04161163618944026,0.07920700744495925,0.1305920253525588,0.6402401194357563,1.912219531707737,458.2621481433798,2192.40514977551,5050,0.9732673267326732,0.03214905912043416,0.059914981666374593,0.12250496020497086,0.17209061697303607,0.5524841432227237,1.8609830872706772,72.63162705137711,287.38340255863375
Shenzhen|multi_depot_evrptw|rc|80|20|10002,Shenzhen,China,multi_depot_evrptw,rc,10002,80,20,5050,0.9356435643564357,0.013544234035821463,0.03498584901139495,0.05894594206542561,0.09925994702346726,0.4731987726192559,1.912219531707737,387.6310050083066,1817.5230076338355,5050,0.973069306930693,0.030924097255342377,0.054982012281784245,0.10605771441076153,0.14332994860851953,0.49525572328738726,1.8609830872706772,70.39628319255507,258.8813179225909
Shenzhen|two_echelon_evrp|rc|80|20|10002,Shenzhen,China,two_echelon_evrp,rc,10002,80,20,5050,0.9356435643564357,0.013544234035821463,0.03498584901139495,0.05894594206542561,0.09925994702346726,0.4731987726192559,1.912219531707737,387.6310050083066,1817.5230076338355,5050,0.973069306930693,0.030924097255342377,0.054982012281784245,0.10605771441076153,0.14332994860851953,0.49525572328738726,1.8609830872706772,70.39628319255507,258.8813179225909
Shenzhen|multi_depot_evrptw|rc|80|20|10003,Shenzhen,China,multi_depot_evrptw,rc,10003,80,20,5050,0.9562376237623762,0.01897671603815473,0.05749254792988083,0.12974423371662136,0.20980266981475518,0.8266227785503937,1.9819771284850412,510.34463121471435,4005.4214607941685,5050,0.978019801980198,0.03526218202736002,0.07223852604679014,0.15051942182157832,0.22858430231324445,0.7552141413984318,1.9618716765170119,76.65641840733952,364.9152365520278
Shenzhen|two_echelon_evrp|rc|80|20|10003,Shenzhen,China,two_echelon_evrp,rc,10003,80,20,5050,0.9562376237623762,0.01897671603815473,0.05749254792988083,0.12974423371662136,0.20980266981475518,0.8266227785503937,1.9819771284850412,510.34463121471435,4005.4214607941685,5050,0.978019801980198,0.03526218202736002,0.07223852604679014,0.15051942182157832,0.22858430231324445,0.7552141413984318,1.9618716765170119,76.65641840733952,364.9152365520278
Shenzhen|multi_depot_evrptw|rc|80|20|10004,Shenzhen,China,multi_depot_evrptw,rc,10004,80,20,5050,0.9479207920792079,0.014724311360384285,0.03844853535190121,0.07523850574503965,0.12361073680980997,0.5027523987674287,1.9679443982977591,426.1090966774009,1812.803509524427,5050,0.975049504950495,0.03306155980275441,0.06264654636002986,0.1333857383222311,0.19389783667490865,0.4933051815855073,1.9646201052202852,74.59612683294017,312.62281188950624
Shenzhen|two_echelon_evrp|rc|80|20|10004,Shenzhen,China,two_echelon_evrp,rc,10004,80,20,5050,0.9479207920792079,0.014724311360384285,0.03844853535190121,0.07523850574503965,0.12361073680980997,0.5027523987674287,1.9679443982977591,426.1090966774009,1812.803509524427,5050,0.975049504950495,0.03306155980275441,0.06264654636002986,0.1333857383222311,0.19389783667490865,0.4933051815855073,1.9646201052202852,74.59612683294017,312.62281188950624
Shenzhen|multi_depot_evrptw|rc|80|20|10005,Shenzhen,China,multi_depot_evrptw,rc,10005,80,20,5050,0.958019801980198,0.01776121287475732,0.05512532298760125,0.12157254659008034,0.2103971820976137,0.7642853606704626,1.9819771284850412,492.088049804619,3788.824877984335,5050,0.9827722772277228,0.03533077516890207,0.07402985653052119,0.15247473674346992,0.23636336769471544,0.7238789111419609,1.9618716765170119,77.76528202310556,354.5597575537596
Shenzhen|two_echelon_evrp|rc|80|20|10005,Shenzhen,China,two_echelon_evrp,rc,10005,80,20,5050,0.958019801980198,0.01776121287475732,0.05512532298760125,0.12157254659008034,0.2103971820976137,0.7642853606704626,1.9819771284850412,492.088049804619,3788.824877984335,5050,0.9827722772277228,0.03533077516890207,0.07402985653052119,0.15247473674346992,0.23636336769471544,0.7238789111419609,1.9618716765170119,77.76528202310556,354.5597575537596
