key,city,country,variant,pattern,instance_seed,n_customers,n_stations,valid_pair_count,duplicate_pair_count,n_service,mean_ratio,median_ratio,std_ratio,P10,P25,P75,P90,P95,P99,maximum,mean_absolute_extra_km,median_absolute_extra_km,median_pct_extra
Casablanca|classic_evrptw|c|80|20|10001,Casablanca,Morocco,classic_evrptw,c,10001,80,20,10100,0,101,1.3580506622087247,1.179135717882097,1.311965025302524,1.104527648973478,1.132133154344719,1.278095799955425,1.4941073378760066,1.9659887982369157,4.20415323539748,71.06289663483294,1.9810733778356828,1.7797400328747217,17.913571788209683
Casablanca|classic_evrptw|c|80|20|10002,Casablanca,Morocco,classic_evrptw,c,10002,80,20,10100,0,101,1.3011901276581825,1.1694445755777312,0.8192850385172422,1.0751134258231632,1.1148580317130827,1.2591285117289397,1.4398883302841001,1.9047698817552543,3.6787676988827265,47.67922314388322,1.8070637363118087,1.6756327621694929,16.944457557773113
Casablanca|classic_evrptw|c|80|20|10003,Casablanca,Morocco,classic_evrptw,c,10003,80,20,10100,0,101,1.2815955642781012,1.1894678713724585,0.488105856357866,1.1017901679869575,1.1422291024123288,1.2542849553885063,1.3759121844391105,1.7189054509681136,3.1536035997340175,16.2415859103936,1.71300659008973,1.7041573447286573,18.946787137245845
Casablanca|classic_evrptw|c|80|20|10004,Casablanca,Morocco,classic_evrptw,c,10004,80,20,10100,0,101,1.3205045110808549,1.1728508731127993,0.8255688169752804,1.1071883581933581,1.1371558540035767,1.2442088416056951,1.4741725561267625,2.019386442977892,3.8572019202740013,47.67922314388322,1.9072477427518286,1.6658128475139407,17.28508731127993
Casablanca|classic_evrptw|c|80|20|10005,Casablanca,Morocco,classic_evrptw,c,10005,80,20,10100,0,101,1.2749675226313864,1.1753270888268261,0.6128162455714014,1.0884546263531767,1.1241126575100417,1.258367115177619,1.4079746297188553,1.663851445308708,3.0923850711773264,23.116386347146513,1.7705609976945293,1.5658905479345762,17.532708882682623
Casablanca|classic_evrptw|c|80|20|10006,Casablanca,Morocco,classic_evrptw,c,10006,80,20,10100,0,101,1.3168471569418596,1.2126569984970201,0.5762143691984015,1.100666526114484,1.1533128651580102,1.3026874804102926,1.4245900189364307,1.7811842691664483,3.4233695161365416,16.04528890720218,1.996880322534743,1.9511102829307825,21.265699849702028
Casablanca|classic_evrptw|c|80|20|10007,Casablanca,Morocco,classic_evrptw,c,10007,80,20,10100,0,101,1.2881918013312588,1.178748648088149,0.5541950162286148,1.0989267492196733,1.127669383046634,1.2842581712713534,1.4168941961432506,1.6960542799268596,3.4814117395362154,17.93055958850086,1.6892434534527383,1.5937301522144207,17.87486480881491
Casablanca|classic_evrptw|c|80|20|10008,Casablanca,Morocco,classic_evrptw,c,10008,80,20,10100,0,101,1.3320265822463266,1.211361136087757,0.717047462441692,1.0984587911655255,1.1506429786326329,1.2873646653988677,1.4393202881440248,1.8314241507149565,3.990475009644674,23.116386347146513,1.9908499233566619,1.9690278781774946,21.13611360877569
Casablanca|classic_evrptw|c|80|20|10009,Casablanca,Morocco,classic_evrptw,c,10009,80,20,10100,0,101,1.2646254476992225,1.178506515435891,0.5367516243458677,1.101386493918004,1.1331633478268281,1.2732548525323983,1.4056180874063426,1.5707584903234166,2.875841943286931,36.10011067446746,1.8200214309782667,1.7939140617410603,17.850651543589088
Casablanca|classic_evrptw|c|80|20|10010,Casablanca,Morocco,classic_evrptw,c,10010,80,20,10100,0,101,1.2557174344603803,1.1836150059389383,0.4458408553126155,1.0884293242892742,1.1300742204167968,1.2493420127740515,1.3896579477513644,1.5683866532754593,2.7863788245641024,23.116386347146513,1.728509752962513,1.486331949526876,18.361500593893822
Casablanca|classic_evrptw|r|80|20|10001,Casablanca,Morocco,classic_evrptw,r,10001,80,20,10100,0,101,1.2136555616928337,1.1699600784895297,0.21102151701634336,1.086589737551154,1.120150160697342,1.2431335737597498,1.3521799872444016,1.4715409247098064,1.9641010865055553,6.591578295108661,1.470559610955745,1.3301504833848121,16.996007848952956
Casablanca|classic_evrptw|r|80|20|10002,Casablanca,Morocco,classic_evrptw,r,10002,80,20,10100,0,101,1.2135023124444908,1.1726409167726362,0.21131791570512787,1.081277570889592,1.11636295050182,1.2483339415431964,1.3596504764612722,1.4686186674717667,1.9493372867920524,7.923771381821967,1.4565889857151935,1.3368982007184373,17.26409167726362
Casablanca|classic_evrptw|r|80|20|10003,Casablanca,Morocco,classic_evrptw,r,10003,80,20,10100,0,101,1.221949993638415,1.1746778830336324,0.5717065122120534,1.0878768446816838,1.1220677585556311,1.2486625647355882,1.3500061286164267,1.4652160639101128,2.0215318440177987,54.62678863531592,1.4887110428395407,1.3449168288145747,17.46778830336325
Casablanca|classic_evrptw|r|80|20|10004,Casablanca,Morocco,classic_evrptw,r,10004,80,20,10100,0,101,1.2075095049120592,1.1695266980544874,0.20532008348339328,1.0815906475795543,1.1163625246085995,1.2471133317289955,1.3497958996875208,1.436058486633491,1.8251363400647602,11.408121974561588,1.4537541277542012,1.3258969554911533,16.952669805448757
Casablanca|classic_evrptw|r|80|20|10005,Casablanca,Morocco,classic_evrptw,r,10005,80,20,10100,0,101,1.215345985801961,1.1749959631305704,0.23296143280209108,1.0858275558723567,1.1202439546000282,1.2498997930007423,1.3548807047658107,1.4667996718232206,1.91537125782927,12.480062378161593,1.5099795497068547,1.379561745558065,17.49959631305704
Casablanca|classic_evrptw|r|80|20|10006,Casablanca,Morocco,classic_evrptw,r,10006,80,20,10100,0,101,1.215166973874219,1.16947439348528,0.5675848173891423,1.0814252161293558,1.11573028960042,1.2454313200016078,1.3463158294628697,1.4464561171176666,1.9494444187493356,54.62678863531592,1.4842346885026636,1.3402481570145783,16.947439348527993
Casablanca|classic_evrptw|r|80|20|10007,Casablanca,Morocco,classic_evrptw,r,10007,80,20,10100,0,101,1.2232798584527012,1.1704902886410304,0.5155693593826078,1.0832032978618904,1.1177863930352216,1.245693459335653,1.3591764495786678,1.474769620330786,2.0499599665793156,45.20571693173245,1.4826874787477338,1.3071767016107596,17.049028864103047
Casablanca|classic_evrptw|r|80|20|10008,Casablanca,Morocco,classic_evrptw,r,10008,80,20,10100,0,101,1.2265283917475551,1.174342480014609,0.5006046571313824,1.0846520136541107,1.118792741721646,1.2556853252984495,1.3687944207365115,1.481141751892007,2.0474213456679533,45.20571693173245,1.5522116892813282,1.374507064799979,17.4342480014609
Casablanca|classic_evrptw|r|80|20|10009,Casablanca,Morocco,classic_evrptw,r,10009,80,20,10100,0,101,1.2149564338066363,1.1726367072723254,0.22491745572043104,1.0843795152643316,1.1178357829844776,1.2477418244088794,1.3517135950992893,1.4620274523258374,1.9811076723105874,8.22188943708017,1.481207292799073,1.3259245842369265,17.263670727232522
Casablanca|classic_evrptw|r|80|20|10010,Casablanca,Morocco,classic_evrptw,r,10010,80,20,10100,0,101,1.212056595722901,1.1698949557062082,0.21381363898738104,1.0814365751695805,1.1158441724135983,1.2450239798136815,1.3494328948580097,1.4575705792587226,1.9677995035571487,6.186539794753265,1.4789608449931209,1.3224184450422454,16.989495570620825
Casablanca|classic_evrptw|rc|80|20|10001,Casablanca,Morocco,classic_evrptw,rc,10001,80,20,10100,0,101,1.2870732619233398,1.178342598001986,1.190706998829321,1.09580786856694,1.127364385401337,1.272653615849009,1.41343541625792,1.583554920256964,2.5869892589828267,71.06289663483294,1.8564886390768256,1.598043474179154,17.83425980019859
Casablanca|classic_evrptw|rc|80|20|10002,Casablanca,Morocco,classic_evrptw,rc,10002,80,20,10100,0,101,1.262827535680211,1.1664564394077257,0.9099801490999146,1.0774182379311574,1.114718708060773,1.2447619575705344,1.38378911596774,1.5801013538022157,2.8924559170612607,54.62678863531592,1.7403758817369381,1.4942837990241724,16.64564394077258
Casablanca|classic_evrptw|rc|80|20|10003,Casablanca,Morocco,classic_evrptw,rc,10003,80,20,10100,0,101,1.2349595116972307,1.1842208398575793,0.29011279987912425,1.0945059133681398,1.1326888170545446,1.2576727267840553,1.3594148884469957,1.4921661347217514,2.2177160420884783,16.2415859103936,1.6985272581573614,1.596619813316389,18.42208398575793
Casablanca|classic_evrptw|rc|80|20|10004,Casablanca,Morocco,classic_evrptw,rc,10004,80,20,10100,0,101,1.3187700951306869,1.1779820756642914,2.636443908667343,1.0987237581178713,1.1313123863622017,1.2492791122520246,1.4094195986634104,1.6345156168970714,3.272708902845362,219.38662983201556,1.8662905882325718,1.619803240534298,17.798207566429138
Casablanca|classic_evrptw|rc|80|20|10005,Casablanca,Morocco,classic_evrptw,rc,10005,80,20,10100,0,101,1.2230757936617143,1.1707936508580334,0.24499085398305545,1.0853156688368641,1.1198616338736458,1.253187601145436,1.3751100788751958,1.5081747044859024,2.035664349241506,6.780769023164146,1.7170582028911026,1.4863909929873589,17.079365085803357
Casablanca|classic_evrptw|rc|80|20|10006,Casablanca,Morocco,classic_evrptw,rc,10006,80,20,10100,0,101,1.2551005036037517,1.190365227911026,0.6421952352211289,1.0871417163657342,1.128770836586666,1.275048714517065,1.3834269351118789,1.5475793966757934,2.426864797854351,54.62678863531592,1.8236432319805091,1.6374277862332356,19.036522791102584
Casablanca|classic_evrptw|rc|80|20|10007,Casablanca,Morocco,classic_evrptw,rc,10007,80,20,10100,0,101,1.2396711137700058,1.1719234869835256,0.5707745147649924,1.0869970617877547,1.1194288813427495,1.252732282718812,1.3659761000284705,1.510900661017744,2.2656408665024332,45.20571693173245,1.6479003236225083,1.4661902983017,17.192348698352546
Casablanca|classic_evrptw|rc|80|20|10008,Casablanca,Morocco,classic_evrptw,rc,10008,80,20,10100,0,101,1.2653367501599209,1.192912802929381,0.7000485521195637,1.0897510295087511,1.129639704483473,1.267142943977937,1.4086648273289748,1.5830289973215608,2.46390414951532,54.62678863531592,1.8602793038128604,1.6838232362254875,19.291280292938097
Casablanca|classic_evrptw|rc|80|20|10009,Casablanca,Morocco,classic_evrptw,rc,10009,80,20,10100,0,101,1.243460315533707,1.1714747150890772,0.5267221909315282,1.0877015254833469,1.1215202144936103,1.2604034321229078,1.3760862113951364,1.5394414164942938,2.399435296078234,36.10011067446746,1.7161519884828036,1.589277824765541,17.147471508907728
Casablanca|classic_evrptw|rc|80|20|10010,Casablanca,Morocco,classic_evrptw,rc,10010,80,20,10100,0,101,1.2274131236659924,1.1791415226504807,0.24353924347194758,1.0906685004967867,1.1267357796985777,1.254727127946,1.3661268298189022,1.4907952089583747,2.1447880469871587,9.166257052344827,1.7073996187163623,1.4948913341376033,17.91415226504807
Madrid|classic_evrptw|c|80|20|10001,Madrid,Spain,classic_evrptw,c,10001,80,20,10100,0,101,1.472940769174753,1.2592011250921202,1.2737059701693734,1.1334994804870842,1.194999697687727,1.3750679457879165,1.5116111290040857,2.2773238982623285,6.5912816295737615,47.5277144561207,3.293433927857078,3.164827631096844,25.920112509212018
Madrid|classic_evrptw|c|80|20|10002,Madrid,Spain,classic_evrptw,c,10002,80,20,10100,0,101,1.3832695911884085,1.2012852097327988,1.1128590430429612,1.1133136093946139,1.1467971019445513,1.2902650244950111,1.4876731969875585,1.7329354200440301,5.931297405403897,36.02840172904137,2.623969335100178,2.4646287009863554,20.128520973279883
Madrid|classic_evrptw|c|80|20|10003,Madrid,Spain,classic_evrptw,c,10003,80,20,10100,0,101,1.5845315665696864,1.2134535377467008,2.0825956791607325,1.1199828042220348,1.1520867464762166,1.3174581032996484,1.6397544518226066,2.5441914117892743,10.782101899525436,50.40502152931078,2.901338538478675,2.6721170926944833,21.3453537746701
Madrid|classic_evrptw|c|80|20|10004,Madrid,Spain,classic_evrptw,c,10004,80,20,10100,0,101,1.7087148797425074,1.2550117539224148,4.877576124477845,1.1290521682239962,1.166901512316165,1.3636846448188584,1.6741212162207504,2.628042516453375,10.44350484441146,360.9597209834337,3.5919063839784577,3.094192448828074,25.501175392241482
Madrid|classic_evrptw|c|80|20|10005,Madrid,Spain,classic_evrptw,c,10005,80,20,10100,0,101,1.6986909168943607,1.2473277135373229,4.874687236878256,1.1238943223996936,1.150278403940038,1.3969353720708735,1.6789502099888283,2.295670522380632,10.53185814960363,360.9597209834337,3.7621199555910367,3.333587137829607,24.732771353732282
Madrid|classic_evrptw|c|80|20|10006,Madrid,Spain,classic_evrptw,c,10006,80,20,10100,0,101,1.7171544650023012,1.253742477548527,4.90790514118698,1.126439219339291,1.161159949265516,1.3639968711071757,1.6669413024469855,2.416586072772004,11.321281525132521,360.9597209834337,3.5959125633607933,3.0836078636311566,25.37424775485271
Madrid|classic_evrptw|c|80|20|10007,Madrid,Spain,classic_evrptw,c,10007,80,20,10100,0,101,1.5390179145163405,1.2156958112623562,4.230972049044397,1.1237164077979567,1.1575487112669447,1.3341923893712544,1.629315754164253,2.4411899324371853,7.018219023383099,360.9597209834337,2.68089735421325,2.2309984633121522,21.569581126235622
Madrid|classic_evrptw|c|80|20|10008,Madrid,Spain,classic_evrptw,c,10008,80,20,10100,0,101,1.5870129291604518,1.2430809734430674,1.9855636847840235,1.1203524890712493,1.1723486832341032,1.3584743833707746,1.704114747544001,2.224611802857672,10.539267307268888,50.40502152931078,3.5629902238595124,3.2856169249503764,24.308097344306738
Madrid|classic_evrptw|c|80|20|10009,Madrid,Spain,classic_evrptw,c,10009,80,20,10100,0,101,1.3713407469988539,1.2234687702606875,0.8463084379644251,1.117415712047484,1.1503370327765652,1.3416514273768194,1.5453258740368927,2.0482227909813,4.080036803796172,47.5277144561207,2.8924998700707003,2.565340415233608,22.34687702606874
Madrid|classic_evrptw|c|80|20|10010,Madrid,Spain,classic_evrptw,c,10010,80,20,10100,0,101,1.4200115529569879,1.2450685894111628,1.041991438322487,1.140399770676002,1.178359381591719,1.3585255637859477,1.6526849234892933,2.287358585675388,4.313981821229913,64.82678808491444,3.359963163798478,3.016372456665186,24.506858941116278
Madrid|classic_evrptw|r|80|20|10001,Madrid,Spain,classic_evrptw,r,10001,80,20,10100,0,101,1.3240279752783477,1.2420616598483232,0.3096200290818964,1.134198252205053,1.1772584883851724,1.3525817988901556,1.5643573486246638,1.8036856317138108,2.661220973649624,6.609517974390487,2.9282271752899938,2.5662023968332934,24.20616598483231
Madrid|classic_evrptw|r|80|20|10002,Madrid,Spain,classic_evrptw,r,10002,80,20,10100,0,101,1.331152015555469,1.2451992363766484,0.33743536312989414,1.1363661705670107,1.1798013643009404,1.3557660397094926,1.5719106208753548,1.826029289073568,2.6994068259042394,8.630487396442682,2.9754469711882217,2.592113991258315,24.519923637664842
Madrid|classic_evrptw|r|80|20|10003,Madrid,Spain,classic_evrptw,r,10003,80,20,10100,0,101,1.318062985766778,1.246681054623466,0.29280332820070076,1.1419426371218793,1.1840206617504097,1.349500886203084,1.5451872313292438,1.7371059488650487,2.4352198142802974,8.971408107698291,2.859084941366317,2.5239757540676147,24.6681054623466
Madrid|classic_evrptw|r|80|20|10004,Madrid,Spain,classic_evrptw,r,10004,80,20,10100,0,101,1.333944036717096,1.2556328831753274,0.28291166734235174,1.1413681424060833,1.1869483076263134,1.376124663439155,1.5845928502599678,1.8043764604876855,2.550979556788349,6.423129861522347,3.092129506351444,2.758386096654909,25.563288317532724
Madrid|classic_evrptw|r|80|20|10005,Madrid,Spain,classic_evrptw,r,10005,80,20,10100,0,101,1.3368017102484504,1.251804447720914,0.31273658295212947,1.1401144439483808,1.1856389683864692,1.3703731109331367,1.585863565617431,1.8272527696454826,2.654667379218809,6.423129861522347,3.0579165918693123,2.6743400361155762,25.18044477209142
Madrid|classic_evrptw|r|80|20|10006,Madrid,Spain,classic_evrptw,r,10006,80,20,10100,0,101,1.3269954128057824,1.255153478174585,0.2693635391924027,1.1403372469000643,1.187379656162951,1.3691937511679104,1.5685349349383544,1.7726656935693443,2.4500203445354383,6.423129861522347,3.031749512368739,2.7270199818312375,25.515347817458505
Madrid|classic_evrptw|r|80|20|10007,Madrid,Spain,classic_evrptw,r,10007,80,20,10100,0,101,1.3302250966345428,1.2431081678140317,0.3501545583282504,1.1333871445796364,1.1783760260151652,1.351013399034001,1.580898453348294,1.8026596370192824,2.746409717415097,9.44086647611428,2.9629075260243534,2.507495011426965,24.310816781403165
Madrid|classic_evrptw|r|80|20|10008,Madrid,Spain,classic_evrptw,r,10008,80,20,10100,0,101,1.3202200688485017,1.2414446439990625,0.3229787920630794,1.137650005235156,1.1806015464434003,1.3433723261529247,1.5477289961259926,1.7612162947429755,2.579659040309267,9.139244653476982,2.8536065393403414,2.5017061270045,24.144464399906255
Madrid|classic_evrptw|r|80|20|10009,Madrid,Spain,classic_evrptw,r,10009,80,20,10100,0,101,1.334700225883747,1.2535556846695561,0.30375787064846466,1.141718022330287,1.187475984674413,1.3672997524935102,1.5845652289440515,1.8102032459682524,2.6060064658870354,6.423129861522347,3.0311931688649527,2.6754887882636114,25.355568466955596
Madrid|classic_evrptw|r|80|20|10010,Madrid,Spain,classic_evrptw,r,10010,80,20,10100,0,101,1.3285621141221309,1.2419780163164185,0.31569104040716855,1.1363294134265842,1.1783722876977214,1.355128372704594,1.5794305721338553,1.8222293259729712,2.6857558660953615,6.5194832492386965,2.978876145845891,2.5811170711582583,24.19780163164183
Madrid|classic_evrptw|rc|80|20|10001,Madrid,Spain,classic_evrptw,rc,10001,80,20,10100,0,101,1.386076659079733,1.2520644861132666,1.1263122935930625,1.137159158251795,1.1866479988568959,1.3663874926873225,1.5628398407832613,1.8945488492708369,3.2855149308353564,47.762284636595034,3.3305373403575764,2.96838818776454,25.206448611326653
Madrid|classic_evrptw|rc|80|20|10002,Madrid,Spain,classic_evrptw,rc,10002,80,20,10100,0,101,1.3624014872555998,1.2315180235245258,0.8004936937516481,1.125121645390034,1.161264114087739,1.3366219435074778,1.5816127875393848,1.9244650506009462,3.428734698512987,36.02840172904137,3.103151985408046,2.750987354775558,23.151802352452584
Madrid|classic_evrptw|rc|80|20|10003,Madrid,Spain,classic_evrptw,rc,10003,80,20,10100,0,101,1.4304765034086149,1.2263246695075216,1.5671931215564037,1.1210625321114807,1.1612548995746936,1.3295770797550697,1.5838122103878371,1.8876938912106043,5.047561020406728,50.40502152931078,3.0902630696858986,2.651452844953953,22.63246695075216
Madrid|classic_evrptw|rc|80|20|10004,Madrid,Spain,classic_evrptw,rc,10004,80,20,10100,0,101,1.55445366180835,1.2472258509266392,4.387826193778965,1.1289241101164578,1.1700316844305239,1.3664582964586076,1.638848153507689,1.9626214856759852,7.861993090110573,360.9597209834337,3.471276094040786,2.9279675978566484,24.722585092663923
Madrid|classic_evrptw|rc|80|20|10005,Madrid,Spain,classic_evrptw,rc,10005,80,20,10100,0,101,1.5198564737443323,1.2419308080485945,4.283879625774764,1.1253357957279229,1.1642468368751024,1.3851847302394455,1.6581573988609533,1.992726417449121,5.583684084454076,360.9597209834337,3.6614554446076757,3.041957760629325,24.19308080485945
Madrid|classic_evrptw|rc|80|20|10006,Madrid,Spain,classic_evrptw,rc,10006,80,20,10100,0,101,1.5278368182468547,1.2468104564346258,4.291012611466922,1.1294431738873691,1.17375669641615,1.3663417286127513,1.6375997475483481,1.99297737649748,6.284056004058508,360.9597209834337,3.540718788272172,2.961256956769418,24.68104564346259
Madrid|classic_evrptw|rc|80|20|10007,Madrid,Spain,classic_evrptw,rc,10007,80,20,10100,0,101,1.4671942991474707,1.226222749536805,4.330336147848668,1.1279829556294312,1.168890952612776,1.3349413653957656,1.5721785250654206,1.8116930513728795,4.28331400110685,360.9597209834337,2.9220639067303877,2.433693969220938,22.62227495368051
Madrid|classic_evrptw|rc|80|20|10008,Madrid,Spain,classic_evrptw,rc,10008,80,20,10100,0,101,1.456907353824291,1.2473123486223416,1.5036251978950705,1.1266153930154432,1.1727822188504067,1.3758682207209987,1.6720992809948974,1.9746626018620081,5.369519007667537,50.40502152931078,3.565737744071144,3.0387819684901296,24.731234862234167
Madrid|classic_evrptw|rc|80|20|10009,Madrid,Spain,classic_evrptw,rc,10009,80,20,10100,0,101,1.3624885259662145,1.2387278688190095,0.7605858269954887,1.1275232320686714,1.1665120936117144,1.358674495124137,1.5731099056920987,1.8733431930979871,3.3338976625699566,38.056576040521136,3.0870459551901908,2.6950597188317134,23.872786881900936
Madrid|classic_evrptw|rc|80|20|10010,Madrid,Spain,classic_evrptw,rc,10010,80,20,10100,0,101,1.3593443063535302,1.2531583983994852,0.40951562735862396,1.1355607522295414,1.1819292641194314,1.3790863707764662,1.6546742250927857,1.9322679950259127,3.0600242183852,9.283796086389932,3.40824121576708,2.9765871012254794,25.31583983994851
Paris|classic_evrptw|c|80|20|10001,Paris,France,classic_evrptw,c,10001,80,20,10100,0,101,1.5291378940509388,1.2222878499435592,2.558990706692687,1.109743394834631,1.154824413843409,1.3309106070936612,1.5489270913779243,2.611361282364659,7.208061919165215,161.1737751615808,1.4204157060370175,1.383856678677322,22.22878499435592
Paris|classic_evrptw|c|80|20|10002,Paris,France,classic_evrptw,c,10002,80,20,10100,0,101,1.3929668585143296,1.176821809087357,2.2066226856890436,1.0840962843238835,1.124101599516822,1.2557323469119002,1.4691004650228365,2.015030455300251,5.395268397029381,161.1737751615808,1.134190505107774,1.077935391005943,17.682180908735717
Paris|classic_evrptw|c|80|20|10003,Paris,France,classic_evrptw,c,10003,80,20,10100,0,101,1.5608297260385418,1.2174031743737905,2.6166561400565995,1.1236510082412592,1.1569160362046607,1.3562711207622224,1.6082306073790267,2.635240753339903,8.136630636492168,156.44098150032093,1.326629848597797,1.2097685471042665,21.740317437379055
Paris|classic_evrptw|c|80|20|10004,Paris,France,classic_evrptw,c,10004,80,20,10100,0,101,1.5394671293105793,1.2318514859296819,2.4877874960821593,1.1313609469058705,1.1740617619292224,1.3180490165460084,1.579222733997968,2.5037860316188083,7.637951574451186,161.1737751615808,1.4349430101618337,1.3585401888540278,23.18514859296819
Paris|classic_evrptw|c|80|20|10005,Paris,France,classic_evrptw,c,10005,80,20,10100,0,101,1.4011388683717645,1.1717097084207455,2.2961649096907117,1.0872249962574216,1.1216611210348546,1.2513292063251662,1.4635672508499296,2.071558100597928,5.834674888430589,188.17701100660636,1.152170729577237,1.0847299959365455,17.170970842074546
Paris|classic_evrptw|c|80|20|10006,Paris,France,classic_evrptw,c,10006,80,20,10100,0,101,1.34996902970888,1.176706505895857,1.9982868199579407,1.0840327954792786,1.1236973658658544,1.2469300299708996,1.4555401652280453,1.9109188824254548,4.450028304329739,161.1737751615808,1.191869297052613,1.1671525731836827,17.67065058958572
Paris|classic_evrptw|c|80|20|10007,Paris,France,classic_evrptw,c,10007,80,20,10100,0,101,1.3660643234282115,1.1846331769491976,1.2670327320985144,1.09115322109273,1.1337147421248066,1.2659151942810065,1.46572022448419,1.910238003703744,5.384624396297674,67.5980892985759,1.187526892456816,1.1112317058874341,18.463317694919755
Paris|classic_evrptw|c|80|20|10008,Paris,France,classic_evrptw,c,10008,80,20,10100,0,101,1.3068754786204082,1.175494546870972,0.7282579235524275,1.0950289766578787,1.1300799784808546,1.244791364373062,1.4192128089757514,1.867425913035083,4.094829780438292,25.71177350239934,1.1126327499881852,1.0591141458218853,17.549454687097214
Paris|classic_evrptw|c|80|20|10009,Paris,France,classic_evrptw,c,10009,80,20,10100,0,101,1.4492440669896167,1.2134192766467005,1.458093393054164,1.1095647769246795,1.161698143534173,1.297777321491878,1.5117352534860884,2.2035422873689,6.993429737902347,49.1506173484367,1.2744364731819413,1.211886142438526,21.341927664670045
Paris|classic_evrptw|c|80|20|10010,Paris,France,classic_evrptw,c,10010,80,20,10100,0,101,1.357419649201363,1.1860918584364268,1.3513368055177983,1.0998128256971647,1.1308778840858342,1.281158975130463,1.4982695602534886,1.9280303030524522,4.701015261091292,84.29648722755468,1.2431478565047203,1.1156599478444413,18.609185843642692
Paris|classic_evrptw|r|80|20|10001,Paris,France,classic_evrptw,r,10001,80,20,10100,0,101,1.2682388410671597,1.2170930323560847,0.22041178601908584,1.120224792954662,1.1592106751905606,1.307215374414867,1.450708797179396,1.5934313951211185,2.0899033983480435,9.068991013331086,1.2349909685331146,1.1311780234156013,21.709303235608473
Paris|classic_evrptw|r|80|20|10002,Paris,France,classic_evrptw,r,10002,80,20,10100,0,101,1.2738786573802974,1.2163754748267244,0.2391532387563967,1.1174454704850116,1.1572815224190225,1.3198653660901352,1.4712768217968784,1.6014211210400215,2.1345508152970774,8.076017507657806,1.2531011760938984,1.1347566194101482,21.63754748267245
Paris|classic_evrptw|r|80|20|10003,Paris,France,classic_evrptw,r,10003,80,20,10100,0,101,1.2546227105996615,1.2087274487544524,0.22893887947900038,1.1158973314846758,1.1546066680369504,1.2919047812157585,1.4192974526545108,1.540940877410721,1.967400868331494,13.508577356515243,1.199407135084349,1.0965778647170397,20.872744875445214
Paris|classic_evrptw|r|80|20|10004,Paris,France,classic_evrptw,r,10004,80,20,10100,0,101,1.2559418523925803,1.2129605583845926,0.184951282196364,1.118347102190652,1.156218676136869,1.300989743552532,1.4286680053255474,1.5471156950370446,1.9299370426483924,5.89470152480583,1.2086177056355536,1.1229046680608352,21.296055838459274
Paris|classic_evrptw|r|80|20|10005,Paris,France,classic_evrptw,r,10005,80,20,10100,0,101,1.2800692390132067,1.2210193711387964,0.25675109237255495,1.1223047582353713,1.161517571009277,1.3175581509227972,1.4697612115500847,1.6174962539156448,2.2437443014960823,9.850629960918928,1.2980811176692193,1.1741687130805967,22.101937113879636
Paris|classic_evrptw|r|80|20|10006,Paris,France,classic_evrptw,r,10006,80,20,10100,0,101,1.2679157449532255,1.2169169881138409,0.2073013967114531,1.1239324304184195,1.1615261424228662,1.3057922984249368,1.443456760145081,1.5866762583662564,2.118648897340235,6.226854835901335,1.2289546955084283,1.1324161079932187,21.691698811384107
Paris|classic_evrptw|r|80|20|10007,Paris,France,classic_evrptw,r,10007,80,20,10100,0,101,1.2659984047552535,1.212967742987342,0.37081350520710943,1.115435819223457,1.155814085257442,1.3035150743609822,1.4385253174089705,1.5627716774493168,2.0228383559376932,29.82148136284796,1.2410804907302575,1.150357212598411,21.2967742987342
Paris|classic_evrptw|r|80|20|10008,Paris,France,classic_evrptw,r,10008,80,20,10100,0,101,1.2643544692618436,1.2151390220013143,0.20564835515860927,1.1170393239285326,1.1554677513535903,1.3114723719359047,1.4428439579655175,1.5769777988092821,1.989002534436506,7.030272343741508,1.2105504294782692,1.1148801151200929,21.513902200131447
Paris|classic_evrptw|r|80|20|10009,Paris,France,classic_evrptw,r,10009,80,20,10100,0,101,1.2680805240552735,1.2150648595403664,0.22465453440557698,1.114901627134893,1.155161949069138,1.316064409467757,1.4580744107064703,1.5883448524563535,2.027816998175982,10.160651936598192,1.2351601495629205,1.1073706914904502,21.506485954036634
Paris|classic_evrptw|r|80|20|10010,Paris,France,classic_evrptw,r,10010,80,20,10100,0,101,1.268782224257527,1.2168929534097563,0.21013062598633991,1.1173200164390475,1.1558525445994825,1.3155680324300865,1.4594722282551043,1.5887126365482822,2.0292633589579747,6.7131862732545,1.221873230914506,1.1230206503397622,21.68929534097563
Paris|classic_evrptw|rc|80|20|10001,Paris,France,classic_evrptw,rc,10001,80,20,10100,0,101,1.480677603226984,1.2268083269699355,3.397378218261564,1.110106635124207,1.1552976337350185,1.3374797781132004,1.5154069555901886,1.7985754154621973,4.8934582451054744,191.39854318393694,1.445386483155559,1.300682957030577,22.680832696993555
Paris|classic_evrptw|rc|80|20|10002,Paris,France,classic_evrptw,rc,10002,80,20,10100,0,101,1.3784512371785012,1.199836129867414,3.1073871939577873,1.1034998511979466,1.1413640351645644,1.2968446411036807,1.4458275158960943,1.6192577540622284,3.020460753517659,191.39854318393694,1.285133650400544,1.1899011604621137,19.98361298674139
Paris|classic_evrptw|rc|80|20|10003,Paris,France,classic_evrptw,rc,10003,80,20,10100,0,101,1.4379341437839046,1.2246607291883764,3.1044960660825733,1.1173643193674918,1.1572541606538431,1.346466296584925,1.524593959247492,1.742759360166406,4.57051400287092,202.11501963495434,1.3626474408621858,1.2191818741694902,22.466072918837646
Paris|classic_evrptw|rc|80|20|10004,Paris,France,classic_evrptw,rc,10004,80,20,10100,0,101,1.4251782226869076,1.2337630239208541,2.2691812264487305,1.1284958237402472,1.1723438543138556,1.3225660379239568,1.5060465395772908,1.7558088446634388,4.596460852350974,161.1737751615808,1.4344561131526343,1.3311039294792086,23.376302392085417
Paris|classic_evrptw|rc|80|20|10005,Paris,France,classic_evrptw,rc,10005,80,20,10100,0,101,1.3372807525765475,1.1973414713197983,2.1625892515314407,1.1054952454782412,1.144294051158266,1.2889319324616897,1.4362505308238667,1.6163272873856258,3.226409386553392,188.17701100660636,1.2787829060521299,1.1694467775359576,19.734147131979828
Paris|classic_evrptw|rc|80|20|10006,Paris,France,classic_evrptw,rc,10006,80,20,10100,0,101,1.307075890212545,1.196989098872405,1.8593687914386299,1.1002367023985313,1.140505087963025,1.2799583134035775,1.4072298839104427,1.5562233808072203,2.8928830768885456,161.1737751615808,1.2667545875045392,1.217256081162023,19.698909887240504
Paris|classic_evrptw|rc|80|20|10007,Paris,France,classic_evrptw,rc,10007,80,20,10100,0,101,1.2919705521649512,1.1979041826524213,0.8877576037191661,1.10757595075245,1.1455080710522996,1.2771698351349507,1.4255149343086424,1.6035714698931158,2.7032112850465815,67.5980892985759,1.2396933042946368,1.1490500599749902,19.79041826524213
Paris|classic_evrptw|rc|80|20|10008,Paris,France,classic_evrptw,rc,10008,80,20,10100,0,101,1.2956973312140967,1.1957939726472497,1.6886611684881507,1.1066318044526149,1.1417709355069539,1.2708356413230735,1.4115351064775707,1.5665814427545224,2.7583134965935745,160.95159119495116,1.2092113326463683,1.1365332517445954,19.579397264724978
Paris|classic_evrptw|rc|80|20|10009,Paris,France,classic_evrptw,rc,10009,80,20,10100,0,101,1.3769651127464155,1.2292436642268112,1.146300827450841,1.1225753624627706,1.1681178508602552,1.331173125606852,1.514275325470564,1.7407888835722543,4.112697765780107,49.1506173484367,1.4250254364941077,1.311211044312538,22.92436642268111
Paris|classic_evrptw|rc|80|20|10010,Paris,France,classic_evrptw,rc,10010,80,20,10100,0,101,1.342422955282659,1.198360942451032,2.543662291019605,1.106328497863701,1.1430306223922118,1.288859992921587,1.452366668412696,1.605127890205019,2.7048290354728337,188.87119064825913,1.299848208797219,1.1490768296204843,19.83609424510318
Shenzhen|classic_evrptw|c|80|20|10001,Shenzhen,China,classic_evrptw,c,10001,80,20,10100,0,101,1.5271805847569195,1.24823339747436,2.283584750452812,1.1477933238542655,1.1840156899097236,1.3607757612119984,1.5628539690611287,2.151337329375691,7.000897777758105,107.6991740445496,4.016874022404593,3.6615726714248322,24.823339747435988
Shenzhen|classic_evrptw|c|80|20|10002,Shenzhen,China,classic_evrptw,c,10002,80,20,10100,0,101,1.4273167522154424,1.2588582746535255,1.2569629699446054,1.1635033787398243,1.2067340647173372,1.340745379733601,1.5909060628852616,1.9095584233789427,4.4901753902521415,70.80137702008278,4.622563828769909,4.056444035347934,25.88582746535255
Shenzhen|classic_evrptw|c|80|20|10003,Shenzhen,China,classic_evrptw,c,10003,80,20,10100,0,101,1.5469554775626533,1.2357781392940599,5.410627007055257,1.1169982947942623,1.1623515376029885,1.3458528859356864,1.5186540400469568,2.0239972111107414,6.364154045346546,453.27305233031984,3.6286512111091893,3.0850015435099176,23.577813929405995
Shenzhen|classic_evrptw|c|80|20|10004,Shenzhen,China,classic_evrptw,c,10004,80,20,10100,0,101,1.4548608721907332,1.2515327430068928,1.773222105852852,1.1445862741403576,1.1921067692209455,1.331154878379094,1.5027742324874256,2.058507239838129,6.01292357588138,123.78335744292397,3.881906288415906,3.7625110497313488,25.153274300689283
Shenzhen|classic_evrptw|c|80|20|10005,Shenzhen,China,classic_evrptw,c,10005,80,20,10100,0,101,1.7835913631846343,1.2542918436467414,7.411773820605796,1.1350047612377065,1.174790676161905,1.3317080621128565,1.5845633063853914,2.800486766790409,8.42007006896053,453.27305233031984,3.8773259941217866,3.5265611519938838,25.429184364674132
Shenzhen|classic_evrptw|c|80|20|10006,Shenzhen,China,classic_evrptw,c,10006,80,20,10100,0,101,1.521196288866429,1.2770172318512623,1.4637218272336339,1.1645845472287655,1.2049175997427284,1.3817749664209038,1.5659835176411367,2.606277682167338,6.667738255364163,46.42791984022759,4.567040371886151,4.479495158037094,27.701723185126227
Shenzhen|classic_evrptw|c|80|20|10007,Shenzhen,China,classic_evrptw,c,10007,80,20,10100,0,101,1.4897029958056809,1.2496812426652215,4.766598539382397,1.1300910947262104,1.184360295906016,1.316366332975503,1.499412422914414,2.0856228549476294,5.741128835435569,453.27305233031984,3.760998075516536,3.6142636398278283,24.96812426652214
Shenzhen|classic_evrptw|c|80|20|10008,Shenzhen,China,classic_evrptw,c,10008,80,20,10100,0,101,1.613192441831717,1.2528589936871017,5.4905996916036965,1.150074894311061,1.1826892147885872,1.3450367600872197,1.5521595511327748,2.2221627126383714,8.203225828260267,453.27305233031984,4.0933435576990265,3.8544525335473945,25.285899368710183
Shenzhen|classic_evrptw|c|80|20|10009,Shenzhen,China,classic_evrptw,c,10009,80,20,10100,0,101,1.4394668393936434,1.2256648589236352,1.5306952248990742,1.144624344851177,1.1770092978663564,1.3339156907668617,1.513653750069139,2.0094413160722007,5.587915794929272,70.80137702008278,3.7961783767559907,3.331891350048727,22.566485892363527
Shenzhen|classic_evrptw|c|80|20|10010,Shenzhen,China,classic_evrptw,c,10010,80,20,10100,0,101,1.4191684891158087,1.2525551510051571,1.2063021193967245,1.156635546584678,1.1947296580710645,1.3392356936856005,1.5570503378538332,1.9813129118153991,4.539573923477338,46.42791984022759,3.820030875177736,3.589991539078343,25.255515100515712
Shenzhen|classic_evrptw|r|80|20|10001,Shenzhen,China,classic_evrptw,r,10001,80,20,10100,0,101,1.3102823149415348,1.2570386309496366,0.23947217031024082,1.1498065458797317,1.1930890899377669,1.3527665804059301,1.493116149396283,1.627547242896202,2.2254785202764427,5.9046186965627285,7.887125801917642,6.616864395654177,25.70386309496368
Shenzhen|classic_evrptw|r|80|20|10002,Shenzhen,China,classic_evrptw,r,10002,80,20,10100,0,101,1.3044773581468045,1.2526115453939426,0.22732258117453125,1.148572923482699,1.1891142695250096,1.3483224355469048,1.4886020996617717,1.6214393204162718,2.169605392860546,4.966964494859735,7.76472336735878,6.514833011971097,25.261154539394255
Shenzhen|classic_evrptw|r|80|20|10003,Shenzhen,China,classic_evrptw,r,10003,80,20,10100,0,101,1.2941980809368843,1.2512400334407168,0.19448958365771377,1.150157019842208,1.1916703171463783,1.336459582136126,1.4631095739349638,1.5855863361025475,2.011499233881908,4.882157929112553,8.042703594282147,6.714770773687723,25.12400334407167
Shenzhen|classic_evrptw|r|80|20|10004,Shenzhen,China,classic_evrptw,r,10004,80,20,10100,0,101,1.3084541657675415,1.2594515161272977,0.2308768920304439,1.1496658734207452,1.1940008382894058,1.352616381458405,1.493689943142933,1.6300149702284765,2.1047990819598508,9.414164658491465,8.082381691915268,6.835427223547878,25.945151612729777
Shenzhen|classic_evrptw|r|80|20|10005,Shenzhen,China,classic_evrptw,r,10005,80,20,10100,0,101,1.3004774497646432,1.2495245543041071,0.21723800349449834,1.1519472380086653,1.1895717844583522,1.3462004158371985,1.480645888751961,1.6156780600109872,2.1066549035227427,7.16642818654334,7.7884220197369,6.477606614870669,24.95245543041071
Shenzhen|classic_evrptw|r|80|20|10006,Shenzhen,China,classic_evrptw,r,10006,80,20,10100,0,101,1.2976132270193679,1.2468787389697875,0.2161980953378329,1.146368156462747,1.1882395854889964,1.3392014436643653,1.4783728013167101,1.6108376902712516,2.122555641345067,4.8321515335747875,7.775740371508899,6.5210897173393425,24.687873896978758
Shenzhen|classic_evrptw|r|80|20|10007,Shenzhen,China,classic_evrptw,r,10007,80,20,10100,0,101,1.2909794716390883,1.2446469491870276,0.18589581373578906,1.148694204112855,1.184953824419026,1.3341102683673776,1.468027044988899,1.5930469710855664,2.0440535678190686,3.979330859182687,7.521583017277972,6.315253606417489,24.464694918702754
Shenzhen|classic_evrptw|r|80|20|10008,Shenzhen,China,classic_evrptw,r,10008,80,20,10100,0,101,1.3047950241061903,1.2559877504062968,0.21066019156834562,1.149168094763022,1.1926044509959164,1.3507283063549114,1.490460373587765,1.6192668832398531,2.132543398543919,5.529850729116695,8.164958617227713,6.735313849036848,25.598775040629683
Shenzhen|classic_evrptw|r|80|20|10009,Shenzhen,China,classic_evrptw,r,10009,80,20,10100,0,101,1.2948108845110078,1.2491995063512045,0.20774773261852983,1.1452617503828117,1.1866262070356652,1.3407579485530272,1.4702188487732084,1.6049455985014682,2.04624064655349,5.494319245242454,8.062300998232454,6.824698287748468,24.919950635120443
Shenzhen|classic_evrptw|r|80|20|10010,Shenzhen,China,classic_evrptw,r,10010,80,20,10100,0,101,1.307421527742764,1.2506995027033065,0.27476963411658833,1.1451916360134924,1.18811661566372,1.3446957409065923,1.492056457654781,1.6448896851476424,2.202796298461506,9.751498077254459,8.102054928516747,6.771078382703916,25.069950270330672
Shenzhen|classic_evrptw|rc|80|20|10001,Shenzhen,China,classic_evrptw,rc,10001,80,20,10100,0,101,1.3420562017697955,1.24709600790346,1.080909199507594,1.1487146353194728,1.1836270471249133,1.3391765695910276,1.4541282128128177,1.609159550866634,2.7754279361306136,70.80137702008278,6.641298486850768,5.329315731846408,24.70960079034601
Shenzhen|classic_evrptw|rc|80|20|10002,Shenzhen,China,classic_evrptw,rc,10002,80,20,10100,0,101,1.3369072352032383,1.2486004758412537,1.025641930514024,1.1445861984575267,1.1887036184987283,1.3316806576859594,1.4890020101729153,1.6235507510820038,2.505177225547416,70.80137702008278,6.89117297281616,5.709507503107772,24.860047584125375
Shenzhen|classic_evrptw|rc|80|20|10003,Shenzhen,China,classic_evrptw,rc,10003,80,20,10100,0,101,1.4179460464792122,1.2397321727525203,5.173445343899324,1.1289893367749704,1.1760617485495746,1.335089978758957,1.4705088996032514,1.6427305842990416,3.4969999867288806,453.27305233031984,6.466401727105845,5.307439909506666,23.973217275252033
Shenzhen|classic_evrptw|rc|80|20|10004,Shenzhen,China,classic_evrptw,rc,10004,80,20,10100,0,101,1.3377516543554115,1.2519602166945667,1.3284021538833681,1.14518939217693,1.1833845044588764,1.3393484944546432,1.4877152774760396,1.6471780810187275,2.6916650929415837,123.78335744292397,6.6836191649353385,5.459329974643219,25.196021669456663
Shenzhen|classic_evrptw|rc|80|20|10005,Shenzhen,China,classic_evrptw,rc,10005,80,20,10100,0,101,1.4281556197364624,1.251190046859127,5.119186108202691,1.1396044232019669,1.1831103134934153,1.3342633046781887,1.4842640036177408,1.6472368648253404,3.6790785984062766,453.27305233031984,6.7444199587385185,5.422208337391206,25.119004685912707
Shenzhen|classic_evrptw|rc|80|20|10006,Shenzhen,China,classic_evrptw,rc,10006,80,20,10100,0,101,1.3302781972892492,1.2578706245310913,0.6191133978324984,1.1556746899865202,1.1930457268229917,1.3446705102660157,1.4929041942289554,1.6180970211207544,2.606200883160695,46.42791984022759,7.091785597139977,5.66453215631253,25.78706245310914
Shenzhen|classic_evrptw|rc|80|20|10007,Shenzhen,China,classic_evrptw,rc,10007,80,20,10100,0,101,1.3262759558752442,1.2478552534841914,0.622128607905267,1.1329720928724756,1.1788564726623028,1.3309850258689444,1.4838183348962295,1.642445809210827,2.847930948249039,23.40015537119203,6.602911555038939,5.309950549035944,24.785525348419135
Shenzhen|classic_evrptw|rc|80|20|10008,Shenzhen,China,classic_evrptw,rc,10008,80,20,10100,0,101,1.4518112040206959,1.2528587278169647,5.203122550802114,1.1475087441979879,1.1881936730989024,1.3486181357030194,1.49641296008507,1.6858091205449288,3.454400857898389,453.27305233031984,7.0255979828603845,5.649138254886035,25.28587278169648
Shenzhen|classic_evrptw|rc|80|20|10009,Shenzhen,China,classic_evrptw,rc,10009,80,20,10100,0,101,1.3461074522162064,1.2463844779604427,1.076162670284042,1.1470232696066605,1.1860119510760414,1.3323837288323033,1.4574701215298658,1.6050873168889495,3.02260183382227,70.80137702008278,6.688739547572257,5.4300694561986385,24.638447796044282
Shenzhen|classic_evrptw|rc|80|20|10010,Shenzhen,China,classic_evrptw,rc,10010,80,20,10100,0,101,1.3229311666052743,1.2524306839392927,0.6297053761906624,1.148983982739061,1.1892222244272561,1.331804579453232,1.4713205967958822,1.6020343914354014,2.5512495033557427,46.42791984022759,6.612429743974461,5.370413757093927,25.243068393929278
Casablanca|multi_depot_evrptw|rc|80|20|10001,Casablanca,Morocco,multi_depot_evrptw,rc,10001,80,20,10100,0,101,1.2870732619233398,1.178342598001986,1.190706998829321,1.09580786856694,1.127364385401337,1.272653615849009,1.41343541625792,1.583554920256964,2.5869892589828267,71.06289663483294,1.8564886390768256,1.598043474179154,17.83425980019859
Casablanca|two_echelon_evrp|rc|80|20|10001,Casablanca,Morocco,two_echelon_evrp,rc,10001,80,20,10100,0,101,1.2870732619233398,1.178342598001986,1.190706998829321,1.09580786856694,1.127364385401337,1.272653615849009,1.41343541625792,1.583554920256964,2.5869892589828267,71.06289663483294,1.8564886390768256,1.598043474179154,17.83425980019859
Casablanca|multi_depot_evrptw|rc|80|20|10002,Casablanca,Morocco,multi_depot_evrptw,rc,10002,80,20,10100,0,101,1.262827535680211,1.1664564394077257,0.9099801490999146,1.0774182379311574,1.114718708060773,1.2447619575705344,1.38378911596774,1.5801013538022157,2.8924559170612607,54.62678863531592,1.7403758817369381,1.4942837990241724,16.64564394077258
Casablanca|two_echelon_evrp|rc|80|20|10002,Casablanca,Morocco,two_echelon_evrp,rc,10002,80,20,10100,0,101,1.265807087133637,1.1663094469506832,0.9128051523682351,1.076997047027254,1.1144280282369587,1.2455836503596711,1.3919355608905108,1.59170794087219,2.9954271041343783,54.62678863531592,1.7579112096594707,1.5201662134955223,16.630944695068333
Casablanca|multi_depot_evrptw|rc|80|20|10003,Casablanca,Morocco,multi_depot_evrptw,rc,10003,80,20,10100,0,101,1.2349595116972307,1.1842208398575793,0.29011279987912425,1.0945059133681398,1.1326888170545446,1.2576727267840553,1.3594148884469957,1.4921661347217514,2.2177160420884783,16.2415859103936,1.6985272581573614,1.596619813316389,18.42208398575793
Casablanca|two_echelon_evrp|rc|80|20|10003,Casablanca,Morocco,two_echelon_evrp,rc,10003,80,20,10100,0,101,1.2366853616677136,1.1858561029778294,0.3014996823817101,1.0958674359551814,1.134505967185066,1.2580812933926522,1.357567941109034,1.4811088041131015,2.2283947709587895,16.2415859103936,1.6953505380506206,1.5969585834866311,18.58561029778294
Casablanca|multi_depot_evrptw|rc|80|20|10004,Casablanca,Morocco,multi_depot_evrptw,rc,10004,80,20,10100,0,101,1.3187700951306869,1.1779820756642914,2.636443908667343,1.0987237581178713,1.1313123863622017,1.2492791122520246,1.4094195986634104,1.6345156168970714,3.272708902845362,219.38662983201556,1.8662905882325718,1.619803240534298,17.798207566429138
Casablanca|two_echelon_evrp|rc|80|20|10004,Casablanca,Morocco,two_echelon_evrp,rc,10004,80,20,10100,0,101,1.3187700951306869,1.1779820756642914,2.636443908667343,1.0987237581178713,1.1313123863622017,1.2492791122520246,1.4094195986634104,1.6345156168970714,3.272708902845362,219.38662983201556,1.8662905882325718,1.619803240534298,17.798207566429138
Casablanca|multi_depot_evrptw|rc|80|20|10005,Casablanca,Morocco,multi_depot_evrptw,rc,10005,80,20,10100,0,101,1.2230757936617143,1.1707936508580334,0.24499085398305545,1.0853156688368641,1.1198616338736458,1.253187601145436,1.3751100788751958,1.5081747044859024,2.035664349241506,6.780769023164146,1.7170582028911026,1.4863909929873589,17.079365085803357
Casablanca|two_echelon_evrp|rc|80|20|10005,Casablanca,Morocco,two_echelon_evrp,rc,10005,80,20,10100,0,101,1.2231685147144047,1.1724027368082484,0.23379927708758858,1.0845517017078947,1.120076584790038,1.2554538014009275,1.3757319235863086,1.5091045255217375,2.0429264379957743,6.671394312705896,1.7185992465143056,1.5013058706332394,17.240273680824842
Madrid|multi_depot_evrptw|rc|80|20|10001,Madrid,Spain,multi_depot_evrptw,rc,10001,80,20,10100,0,101,1.386076659079733,1.2520644861132666,1.1263122935930625,1.137159158251795,1.1866479988568959,1.3663874926873225,1.5628398407832613,1.8945488492708369,3.2855149308353564,47.762284636595034,3.3305373403575764,2.96838818776454,25.206448611326653
Madrid|two_echelon_evrp|rc|80|20|10001,Madrid,Spain,two_echelon_evrp,rc,10001,80,20,10100,0,101,1.386076659079733,1.2520644861132666,1.1263122935930625,1.137159158251795,1.1866479988568959,1.3663874926873225,1.5628398407832613,1.8945488492708369,3.2855149308353564,47.762284636595034,3.3305373403575764,2.96838818776454,25.206448611326653
Madrid|multi_depot_evrptw|rc|80|20|10002,Madrid,Spain,multi_depot_evrptw,rc,10002,80,20,10100,0,101,1.3624014872555998,1.2315180235245258,0.8004936937516481,1.125121645390034,1.161264114087739,1.3366219435074778,1.5816127875393848,1.9244650506009462,3.428734698512987,36.02840172904137,3.103151985408046,2.750987354775558,23.151802352452584
Madrid|two_echelon_evrp|rc|80|20|10002,Madrid,Spain,two_echelon_evrp,rc,10002,80,20,10100,0,101,1.3624014872555998,1.2315180235245258,0.8004936937516481,1.125121645390034,1.161264114087739,1.3366219435074778,1.5816127875393848,1.9244650506009462,3.428734698512987,36.02840172904137,3.103151985408046,2.750987354775558,23.151802352452584
Madrid|multi_depot_evrptw|rc|80|20|10003,Madrid,Spain,multi_depot_evrptw,rc,10003,80,20,10100,0,101,1.4304765034086149,1.2263246695075216,1.5671931215564037,1.1210625321114807,1.1612548995746936,1.3295770797550697,1.5838122103878371,1.8876938912106043,5.047561020406728,50.40502152931078,3.0902630696858986,2.651452844953953,22.63246695075216
Madrid|two_echelon_evrp|rc|80|20|10003,Madrid,Spain,two_echelon_evrp,rc,10003,80,20,10100,0,101,1.4304765034086149,1.2263246695075216,1.5671931215564037,1.1210625321114807,1.1612548995746936,1.3295770797550697,1.5838122103878371,1.8876938912106043,5.047561020406728,50.40502152931078,3.0902630696858986,2.651452844953953,22.63246695075216
Madrid|multi_depot_evrptw|rc|80|20|10004,Madrid,Spain,multi_depot_evrptw,rc,10004,80,20,10100,0,101,1.55445366180835,1.2472258509266392,4.387826193778965,1.1289241101164578,1.1700316844305239,1.3664582964586076,1.638848153507689,1.9626214856759852,7.861993090110573,360.9597209834337,3.471276094040786,2.9279675978566484,24.722585092663923
Madrid|two_echelon_evrp|rc|80|20|10004,Madrid,Spain,two_echelon_evrp,rc,10004,80,20,10100,0,101,1.55445366180835,1.2472258509266392,4.387826193778965,1.1289241101164578,1.1700316844305239,1.3664582964586076,1.638848153507689,1.9626214856759852,7.861993090110573,360.9597209834337,3.471276094040786,2.9279675978566484,24.722585092663923
Madrid|multi_depot_evrptw|rc|80|20|10005,Madrid,Spain,multi_depot_evrptw,rc,10005,80,20,10100,0,101,1.5198564737443323,1.2419308080485945,4.283879625774764,1.1253357957279229,1.1642468368751024,1.3851847302394455,1.6581573988609533,1.992726417449121,5.583684084454076,360.9597209834337,3.6614554446076757,3.041957760629325,24.19308080485945
Madrid|two_echelon_evrp|rc|80|20|10005,Madrid,Spain,two_echelon_evrp,rc,10005,80,20,10100,0,101,1.5198564737443323,1.2419308080485945,4.283879625774764,1.1253357957279229,1.1642468368751024,1.3851847302394455,1.6581573988609533,1.992726417449121,5.583684084454076,360.9597209834337,3.6614554446076757,3.041957760629325,24.19308080485945
Paris|multi_depot_evrptw|rc|80|20|10001,Paris,France,multi_depot_evrptw,rc,10001,80,20,10100,0,101,1.480677603226984,1.2268083269699355,3.397378218261564,1.110106635124207,1.1552976337350185,1.3374797781132004,1.5154069555901886,1.7985754154621973,4.8934582451054744,191.39854318393694,1.445386483155559,1.300682957030577,22.680832696993555
Paris|two_echelon_evrp|rc|80|20|10001,Paris,France,two_echelon_evrp,rc,10001,80,20,10100,0,101,1.4741156771938415,1.2305857483735885,3.31465374358989,1.114137177614066,1.1588720107576476,1.3394548137073692,1.512229650979987,1.7894522718340449,4.856563486915571,191.39854318393694,1.4572935772895472,1.3259658802824859,23.058574837358844
Paris|multi_depot_evrptw|rc|80|20|10002,Paris,France,multi_depot_evrptw,rc,10002,80,20,10100,0,101,1.3784512371785012,1.199836129867414,3.1073871939577873,1.1034998511979466,1.1413640351645644,1.2968446411036807,1.4458275158960943,1.6192577540622284,3.020460753517659,191.39854318393694,1.285133650400544,1.1899011604621137,19.98361298674139
Paris|two_echelon_evrp|rc|80|20|10002,Paris,France,two_echelon_evrp,rc,10002,80,20,10100,0,101,1.3748601141041354,1.1983864472969732,3.1070504760375006,1.1020827842024643,1.1392385845320483,1.2916077852471668,1.44645822666623,1.6092926976967745,3.0021825275883747,191.39854318393694,1.270194544600622,1.1701119974915004,19.83864472969731
Paris|multi_depot_evrptw|rc|80|20|10003,Paris,France,multi_depot_evrptw,rc,10003,80,20,10100,0,101,1.4379341437839046,1.2246607291883764,3.1044960660825733,1.1173643193674918,1.1572541606538431,1.346466296584925,1.524593959247492,1.742759360166406,4.57051400287092,202.11501963495434,1.3626474408621858,1.2191818741694902,22.466072918837646
Paris|two_echelon_evrp|rc|80|20|10003,Paris,France,two_echelon_evrp,rc,10003,80,20,10100,0,101,1.4379341437839046,1.2246607291883764,3.1044960660825733,1.1173643193674918,1.1572541606538431,1.346466296584925,1.524593959247492,1.742759360166406,4.57051400287092,202.11501963495434,1.3626474408621858,1.2191818741694902,22.466072918837646
Paris|multi_depot_evrptw|rc|80|20|10004,Paris,France,multi_depot_evrptw,rc,10004,80,20,10100,0,101,1.4251782226869076,1.2337630239208541,2.2691812264487305,1.1284958237402472,1.1723438543138556,1.3225660379239568,1.5060465395772908,1.7558088446634388,4.596460852350974,161.1737751615808,1.4344561131526343,1.3311039294792086,23.376302392085417
Paris|two_echelon_evrp|rc|80|20|10004,Paris,France,two_echelon_evrp,rc,10004,80,20,10100,0,101,1.4251782226869076,1.2337630239208541,2.2691812264487305,1.1284958237402472,1.1723438543138556,1.3225660379239568,1.5060465395772908,1.7558088446634388,4.596460852350974,161.1737751615808,1.4344561131526343,1.3311039294792086,23.376302392085417
Paris|multi_depot_evrptw|rc|80|20|10005,Paris,France,multi_depot_evrptw,rc,10005,80,20,10100,0,101,1.3372807525765475,1.1973414713197983,2.1625892515314407,1.1054952454782412,1.144294051158266,1.2889319324616897,1.4362505308238667,1.6163272873856258,3.226409386553392,188.17701100660636,1.2787829060521299,1.1694467775359576,19.734147131979828
Paris|two_echelon_evrp|rc|80|20|10005,Paris,France,two_echelon_evrp,rc,10005,80,20,10100,0,101,1.3372807525765475,1.1973414713197983,2.1625892515314407,1.1054952454782412,1.144294051158266,1.2889319324616897,1.4362505308238667,1.6163272873856258,3.226409386553392,188.17701100660636,1.2787829060521299,1.1694467775359576,19.734147131979828
Shenzhen|multi_depot_evrptw|rc|80|20|10001,Shenzhen,China,multi_depot_evrptw,rc,10001,80,20,10100,0,101,1.3420562017697955,1.24709600790346,1.080909199507594,1.1487146353194728,1.1836270471249133,1.3391765695910276,1.4541282128128177,1.609159550866634,2.7754279361306136,70.80137702008278,6.641298486850768,5.329315731846408,24.70960079034601
Shenzhen|two_echelon_evrp|rc|80|20|10001,Shenzhen,China,two_echelon_evrp,rc,10001,80,20,10100,0,101,1.3420562017697955,1.24709600790346,1.080909199507594,1.1487146353194728,1.1836270471249133,1.3391765695910276,1.4541282128128177,1.609159550866634,2.7754279361306136,70.80137702008278,6.641298486850768,5.329315731846408,24.70960079034601
Shenzhen|multi_depot_evrptw|rc|80|20|10002,Shenzhen,China,multi_depot_evrptw,rc,10002,80,20,10100,0,101,1.3369072352032383,1.2486004758412537,1.025641930514024,1.1445861984575267,1.1887036184987283,1.3316806576859594,1.4890020101729153,1.6235507510820038,2.505177225547416,70.80137702008278,6.89117297281616,5.709507503107772,24.860047584125375
Shenzhen|two_echelon_evrp|rc|80|20|10002,Shenzhen,China,two_echelon_evrp,rc,10002,80,20,10100,0,101,1.3369072352032383,1.2486004758412537,1.025641930514024,1.1445861984575267,1.1887036184987283,1.3316806576859594,1.4890020101729153,1.6235507510820038,2.505177225547416,70.80137702008278,6.89117297281616,5.709507503107772,24.860047584125375
Shenzhen|multi_depot_evrptw|rc|80|20|10003,Shenzhen,China,multi_depot_evrptw,rc,10003,80,20,10100,0,101,1.4179460464792122,1.2397321727525203,5.173445343899324,1.1289893367749704,1.1760617485495746,1.335089978758957,1.4705088996032514,1.6427305842990416,3.4969999867288806,453.27305233031984,6.466401727105845,5.307439909506666,23.973217275252033
Shenzhen|two_echelon_evrp|rc|80|20|10003,Shenzhen,China,two_echelon_evrp,rc,10003,80,20,10100,0,101,1.4179460464792122,1.2397321727525203,5.173445343899324,1.1289893367749704,1.1760617485495746,1.335089978758957,1.4705088996032514,1.6427305842990416,3.4969999867288806,453.27305233031984,6.466401727105845,5.307439909506666,23.973217275252033
Shenzhen|multi_depot_evrptw|rc|80|20|10004,Shenzhen,China,multi_depot_evrptw,rc,10004,80,20,10100,0,101,1.3377516543554115,1.2519602166945667,1.3284021538833681,1.14518939217693,1.1833845044588764,1.3393484944546432,1.4877152774760396,1.6471780810187275,2.6916650929415837,123.78335744292397,6.6836191649353385,5.459329974643219,25.196021669456663
Shenzhen|two_echelon_evrp|rc|80|20|10004,Shenzhen,China,two_echelon_evrp,rc,10004,80,20,10100,0,101,1.3377516543554115,1.2519602166945667,1.3284021538833681,1.14518939217693,1.1833845044588764,1.3393484944546432,1.4877152774760396,1.6471780810187275,2.6916650929415837,123.78335744292397,6.6836191649353385,5.459329974643219,25.196021669456663
Shenzhen|multi_depot_evrptw|rc|80|20|10005,Shenzhen,China,multi_depot_evrptw,rc,10005,80,20,10100,0,101,1.4281556197364624,1.251190046859127,5.119186108202691,1.1396044232019669,1.1831103134934153,1.3342633046781887,1.4842640036177408,1.6472368648253404,3.6790785984062766,453.27305233031984,6.7444199587385185,5.422208337391206,25.119004685912707
Shenzhen|two_echelon_evrp|rc|80|20|10005,Shenzhen,China,two_echelon_evrp,rc,10005,80,20,10100,0,101,1.4281556197364624,1.251190046859127,5.119186108202691,1.1396044232019669,1.1831103134934153,1.3342633046781887,1.4842640036177408,1.6472368648253404,3.6790785984062766,453.27305233031984,6.7444199587385185,5.422208337391206,25.119004685912707
