key,city,country,variant,pattern,instance_seed,n_customers,n_stations,v_ref_mps,v_ref_kmh,n_time_pairs,n_time_pairs_excluded,median_time_ratio,mean_time_ratio,P90_time_ratio,P95_time_ratio,median_extra_time_min,P90_extra_time_min,median_time_inflation_percent
Casablanca|classic_evrptw|c|80|20|10001,Casablanca,Morocco,classic_evrptw,c,10001,80,20,11.313137824114964,40.72729616681387,10100,0,1.191786304255174,1.5090874747789156,2.2798973066397386,3.162872596731486,2.2506483596732485,5.094396628107201,19.178630425517397
Casablanca|classic_evrptw|c|80|20|10002,Casablanca,Morocco,classic_evrptw,c,10002,80,20,11.465907835027393,41.27726820609861,10100,0,1.1626480030814705,1.417563793849627,1.9453404373572887,2.7319216944267324,1.9684669366094303,4.818203267611508,16.264800308147052
Casablanca|classic_evrptw|c|80|20|10003,Casablanca,Morocco,classic_evrptw,c,10003,80,20,11.077391585239607,39.87860970686258,10100,0,1.1928441344778222,1.3955521633680772,1.8607298612968501,2.6861527268246252,2.0015954824856768,4.550791915200519,19.28441344778222
Casablanca|classic_evrptw|c|80|20|10004,Casablanca,Morocco,classic_evrptw,c,10004,80,20,11.507536819379538,41.42713254976634,10100,0,1.1737621830411924,1.4637347502643847,2.138432682578632,3.151209008577011,2.247944441560993,4.904916789764707,17.37621830411924
Casablanca|classic_evrptw|c|80|20|10005,Casablanca,Morocco,classic_evrptw,c,10005,80,20,11.421807876241377,41.11850835446896,10100,0,1.1860784761846144,1.3942563807258412,1.9200036866219408,2.6442459095426547,1.9325858029119625,5.036940866650356,18.607847618461438
Casablanca|classic_evrptw|c|80|20|10006,Casablanca,Morocco,classic_evrptw,c,10006,80,20,10.856834959554682,39.084605854396855,10100,0,1.221063838401254,1.445771636252639,2.1080969324122876,2.7607669703435223,2.2642239598103773,5.6469339504276554,22.1063838401254
Casablanca|classic_evrptw|c|80|20|10007,Casablanca,Morocco,classic_evrptw,c,10007,80,20,11.093058474705197,39.93501050893871,10100,0,1.1997074511154113,1.428878938911021,2.087008799555202,2.7107520644319063,1.9461253603717106,5.161646732543604,19.970745111541135
Casablanca|classic_evrptw|c|80|20|10008,Casablanca,Morocco,classic_evrptw,c,10008,80,20,11.007024602063355,39.62528856742808,10100,0,1.225788043556306,1.4651664244726368,1.9364398492309334,2.78636471653516,2.4129944785868376,5.3486481028592685,22.5788043556306
Casablanca|classic_evrptw|c|80|20|10009,Casablanca,Morocco,classic_evrptw,c,10009,80,20,10.696560936492416,38.5076193713727,10100,0,1.1953176562884114,1.3757066200260677,1.9365030196356716,2.495379820402657,2.021370455416142,5.459242247041337,19.531765628841136
Casablanca|classic_evrptw|c|80|20|10010,Casablanca,Morocco,classic_evrptw,c,10010,80,20,11.254769558442923,40.51717041039453,10100,0,1.1954860772609868,1.3716526722675972,1.933453671701461,2.520353893937064,1.9401967201183292,4.612202897890471,19.548607726098677
Casablanca|classic_evrptw|r|80|20|10001,Casablanca,Morocco,classic_evrptw,r,10001,80,20,11.0612947936907,39.82066125728652,10100,0,1.181799240732603,1.251390607040799,1.608130543500195,1.8261976978379326,1.8847693403437356,4.402483553605751,18.179924073260302
Casablanca|classic_evrptw|r|80|20|10002,Casablanca,Morocco,classic_evrptw,r,10002,80,20,11.027255189869344,39.698118683529636,10100,0,1.185437893611676,1.2528167844105855,1.602908221841681,1.821460707502808,1.9255975006301953,4.321926075383202,18.543789361167605
Casablanca|classic_evrptw|r|80|20|10003,Casablanca,Morocco,classic_evrptw,r,10003,80,20,10.855929843158616,39.08134743537102,10100,0,1.1873257353417994,1.2602078490607282,1.6114392494162124,1.8177301808420678,1.9546914642116064,4.371794747844435,18.73257353417994
Casablanca|classic_evrptw|r|80|20|10004,Casablanca,Morocco,classic_evrptw,r,10004,80,20,11.050301108178065,39.781083989441036,10100,0,1.17812806788473,1.2476023222979877,1.6111080783588008,1.7965453695991687,1.8975925000948477,4.417977711383415,17.81280678847299
Casablanca|classic_evrptw|r|80|20|10005,Casablanca,Morocco,classic_evrptw,r,10005,80,20,10.97936655051311,39.5257195818472,10100,0,1.1782540519546782,1.2588541772781439,1.6298740894060895,1.8395049645469446,1.9541256629484736,4.619731547028789,17.825405195467823
Casablanca|classic_evrptw|r|80|20|10006,Casablanca,Morocco,classic_evrptw,r,10006,80,20,11.103145498391614,39.97132379420981,10100,0,1.1853090741651386,1.2601811078619427,1.6176751406564638,1.8179993417520697,1.9300932064186327,4.472487875354148,18.530907416513863
Casablanca|classic_evrptw|r|80|20|10007,Casablanca,Morocco,classic_evrptw,r,10007,80,20,11.011036281796056,39.639730614465805,10100,0,1.1832314781068674,1.2641573091979506,1.615530673715093,1.8155362916159588,1.8518861216272315,4.504960844398897,18.323147810686734
Casablanca|classic_evrptw|r|80|20|10008,Casablanca,Morocco,classic_evrptw,r,10008,80,20,11.015076918599238,39.65427690695726,10100,0,1.1907179399745946,1.2702623571501248,1.643571345204882,1.8557315250053976,2.006141271635438,4.740935353517191,19.071793997459462
Casablanca|classic_evrptw|r|80|20|10009,Casablanca,Morocco,classic_evrptw,r,10009,80,20,11.054055248853327,39.79459889587198,10100,0,1.1860109964758059,1.2548204431106575,1.612172179092531,1.8271788461308291,1.940242861363371,4.3801529501765195,18.60109964758059
Casablanca|classic_evrptw|r|80|20|10010,Casablanca,Morocco,classic_evrptw,r,10010,80,20,10.952589350842672,39.42932166303362,10100,0,1.1830839340919042,1.2476768305938897,1.609030000349077,1.7994717931564497,1.8811333231239757,4.491643227883909,18.308393409190415
Casablanca|classic_evrptw|rc|80|20|10001,Casablanca,Morocco,classic_evrptw,rc,10001,80,20,11.315474401611455,40.73570784580124,10100,0,1.1896040452712606,1.3649363118444873,1.7431500453158846,2.0993317181893723,2.2501354248625907,4.941986562438128,18.960404527126062
Casablanca|classic_evrptw|rc|80|20|10002,Casablanca,Morocco,classic_evrptw,rc,10002,80,20,11.455462136889441,41.23966369280199,10100,0,1.1746998083587508,1.3348743421226268,1.6687026254810962,2.053158219748004,2.04355615716757,4.906049777275192,17.469980835875077
Casablanca|classic_evrptw|rc|80|20|10003,Casablanca,Morocco,classic_evrptw,rc,10003,80,20,11.02716836798065,39.69780612473034,10100,0,1.1897276564637347,1.2860966341725013,1.616067549251587,1.9286589748762728,2.0451737078723036,4.794141262636326,18.972765646373468
Casablanca|classic_evrptw|rc|80|20|10004,Casablanca,Morocco,classic_evrptw,rc,10004,80,20,11.41947585897704,41.11011309231735,10100,0,1.1870803528993363,1.4029930300648765,1.7295472077464416,2.177799552540898,2.3045192336967943,5.1116384731763915,18.708035289933633
Casablanca|classic_evrptw|rc|80|20|10005,Casablanca,Morocco,classic_evrptw,rc,10005,80,20,11.297966859515594,40.67268069425614,10100,0,1.1826852671797907,1.284002865817596,1.6416951565118223,1.940932836210543,2.0471403985216554,5.059373339476441,18.26852671797907
Casablanca|classic_evrptw|rc|80|20|10006,Casablanca,Morocco,classic_evrptw,rc,10006,80,20,11.1843483418197,40.26365403055092,10100,0,1.2049238006819465,1.318461500483967,1.6321473267498732,2.002443719480077,2.176177555781903,5.3288081326387475,20.49238006819465
Casablanca|classic_evrptw|rc|80|20|10007,Casablanca,Morocco,classic_evrptw,rc,10007,80,20,11.093480178786495,39.936528643631384,10100,0,1.1883004701481605,1.3053333454463327,1.6688287562867126,1.974180885191348,2.033579889578746,4.817270836159859,18.830047014816053
Casablanca|classic_evrptw|rc|80|20|10008,Casablanca,Morocco,classic_evrptw,rc,10008,80,20,11.198817898116037,40.31574443321773,10100,0,1.2043745536935972,1.3375327697274182,1.6550056633030301,2.0031441462990704,2.323452242614505,5.243255813680615,20.437455369359725
Casablanca|classic_evrptw|rc|80|20|10009,Casablanca,Morocco,classic_evrptw,rc,10009,80,20,10.999508739591468,39.598231462529284,10100,0,1.1921320831875553,1.3142972763965879,1.6639980232676355,2.020066574620499,2.105343861774896,5.4433708649649,19.213208318755527
Casablanca|classic_evrptw|rc|80|20|10010,Casablanca,Morocco,classic_evrptw,rc,10010,80,20,11.23189097234223,40.43480750043203,10100,0,1.1933359738164204,1.291379215268889,1.6376938523657043,1.9566085199891337,2.0631208701883876,4.715262404155898,19.333597381642043
Madrid|classic_evrptw|c|80|20|10001,Madrid,Spain,classic_evrptw,c,10001,80,20,11.871239002769848,42.73646040997145,10100,0,1.2678957869330174,1.7440479235276478,2.3151530295928033,3.5850500782563555,4.241727375736415,8.139107541729038,26.789578693301742
Madrid|classic_evrptw|c|80|20|10002,Madrid,Spain,classic_evrptw,c,10002,80,20,12.205979372022616,43.94152573928142,10100,0,1.2391978688190388,1.675815140960433,2.3418695966844125,3.201699999849482,3.118168061464446,7.803268904240043,23.91978688190388
Madrid|classic_evrptw|c|80|20|10003,Madrid,Spain,classic_evrptw,c,10003,80,20,12.645473647639474,45.523705131502105,10100,0,1.2224971436536918,1.944020616818884,2.523232152191347,4.47240972395697,3.0770975413726736,7.405980738872431,22.24971436536918
Madrid|classic_evrptw|c|80|20|10004,Madrid,Spain,classic_evrptw,c,10004,80,20,12.215714700946808,43.97657292340851,10100,0,1.2527660517983525,1.947810617932863,2.3466851753053404,4.166884056979082,3.7991005877227195,8.875208677506206,25.276605179835254
Madrid|classic_evrptw|c|80|20|10005,Madrid,Spain,classic_evrptw,c,10005,80,20,12.526601578255901,45.09576568172125,10100,0,1.2590904394296825,1.9684567566808764,2.5067128103114986,3.955194651142481,4.024030046590864,9.69012486233246,25.909043942968246
Madrid|classic_evrptw|c|80|20|10006,Madrid,Spain,classic_evrptw,c,10006,80,20,12.288898416620544,44.24003429983396,10100,0,1.2579512339564265,1.975128000440903,2.354577038227359,3.926345961403363,3.939404387332373,8.964211933062565,25.795123395642648
Madrid|classic_evrptw|c|80|20|10007,Madrid,Spain,classic_evrptw,c,10007,80,20,11.096347269717684,39.946850170983666,10100,0,1.236608316204845,1.685096075393909,2.293547750055743,3.9425634211956835,2.960836683850633,6.935226790379999,23.66083162048449
Madrid|classic_evrptw|c|80|20|10008,Madrid,Spain,classic_evrptw,c,10008,80,20,12.233920268000816,44.04211296480294,10100,0,1.2374029992973592,1.889992549320885,2.2553827198223106,3.8113936461481024,3.7763387231432546,8.843793348403663,23.74029992973592
Madrid|classic_evrptw|c|80|20|10009,Madrid,Spain,classic_evrptw,c,10009,80,20,11.121279884752663,40.03660758510959,10100,0,1.2392392021127379,1.6001216168716714,2.293821278495704,3.306783975733315,3.673262269550391,9.224810357084415,23.923920211273785
Madrid|classic_evrptw|c|80|20|10010,Madrid,Spain,classic_evrptw,c,10010,80,20,10.346285332345643,37.246627196444315,10100,0,1.2342607145135869,1.5529107566114926,2.041917455323362,3.081056986726995,4.143573344590018,10.998046415977228,23.426071451358688
Madrid|classic_evrptw|r|80|20|10001,Madrid,Spain,classic_evrptw,r,10001,80,20,11.199280961870645,40.31741146273433,10100,0,1.250686020764643,1.361961957761901,1.8245773611406768,2.1433556910002993,3.5292201047652774,8.287724753024245,25.06860207646431
Madrid|classic_evrptw|r|80|20|10002,Madrid,Spain,classic_evrptw,r,10002,80,20,11.177009216221222,40.2372331783964,10100,0,1.2600986819515718,1.3740637786200685,1.8384038193603027,2.1616183111346174,3.5820820718388564,8.239606695019742,26.009868195157182
Madrid|classic_evrptw|r|80|20|10003,Madrid,Spain,classic_evrptw,r,10003,80,20,10.830637218784048,38.99029398762257,10100,0,1.257834922235003,1.3575591100248108,1.8247541306775474,2.0967245330651343,3.548314689604999,8.173825809685367,25.783492223500293
Madrid|classic_evrptw|r|80|20|10004,Madrid,Spain,classic_evrptw,r,10004,80,20,10.984326035798194,39.5435737288735,10100,0,1.2712764556904714,1.3783190911853993,1.8603467752820053,2.1562342758833806,3.883339763611214,8.616835509068292,27.127645569047143
Madrid|classic_evrptw|r|80|20|10005,Madrid,Spain,classic_evrptw,r,10005,80,20,10.985771409081057,39.548777072691806,10100,0,1.2641005808407368,1.3748237589986712,1.8422402780278928,2.160592577146916,3.696582358428386,8.720062396332334,26.410058084073682
Madrid|classic_evrptw|r|80|20|10006,Madrid,Spain,classic_evrptw,r,10006,80,20,10.993037603906394,39.574935374063024,10100,0,1.2686647813028487,1.3696734285887888,1.8400740079966076,2.1183321881252604,3.8154640175443677,8.345215001237467,26.866478130284865
Madrid|classic_evrptw|r|80|20|10007,Madrid,Spain,classic_evrptw,r,10007,80,20,11.115532971603049,40.01591869777098,10100,0,1.2552256253599143,1.3621779088813928,1.8005816882895118,2.1217825934963805,3.4702373267392574,8.281806178186134,25.522562535991433
Madrid|classic_evrptw|r|80|20|10008,Madrid,Spain,classic_evrptw,r,10008,80,20,11.175565697796351,40.23203651206686,10100,0,1.2569752830880183,1.3648091057814982,1.813236834905107,2.1098416195444214,3.491322669597154,8.150335079718415,25.697528308801832
Madrid|classic_evrptw|r|80|20|10009,Madrid,Spain,classic_evrptw,r,10009,80,20,10.947390098636937,39.41060435509298,10100,0,1.2693313657975296,1.3782748934046418,1.8596139963360687,2.1848491907667635,3.7971269641933447,8.828364902704958,26.933136579752958
Madrid|classic_evrptw|r|80|20|10010,Madrid,Spain,classic_evrptw,r,10010,80,20,11.059400395588884,39.813841424119985,10100,0,1.2523542018294225,1.363833792983021,1.8307487040484876,2.1661498515425097,3.527807758497531,8.648283585269024,25.23542018294225
Madrid|classic_evrptw|rc|80|20|10001,Madrid,Spain,classic_evrptw,rc,10001,80,20,11.542199666075327,41.551918797871174,10100,0,1.2574445239788923,1.4973142221513611,1.9374315215635352,2.362973708401445,3.9318370695720546,8.699799622867236,25.744452397889226
Madrid|classic_evrptw|rc|80|20|10002,Madrid,Spain,classic_evrptw,rc,10002,80,20,11.606105231625314,41.781978833851134,10100,0,1.2422997234399966,1.485577966131334,2.005010591314254,2.5340167779824734,3.575202425709246,9.328313429307986,24.229972343999663
Madrid|classic_evrptw|rc|80|20|10003,Madrid,Spain,classic_evrptw,rc,10003,80,20,12.066736975500216,43.44025311180078,10100,0,1.2360677337941794,1.5643092156020335,1.9086317063954306,2.4125201651232753,3.3367624675611656,8.616742522253322,23.606773379417945
Madrid|classic_evrptw|rc|80|20|10004,Madrid,Spain,classic_evrptw,rc,10004,80,20,11.975912105238114,43.113283578857214,10100,0,1.2607303692448064,1.6802607110379597,1.9254315360015768,2.4121754534615683,3.9180075069463514,8.890717821374267,26.07303692448064
Madrid|classic_evrptw|rc|80|20|10005,Madrid,Spain,classic_evrptw,rc,10005,80,20,12.023805286240606,43.28569903046618,10100,0,1.258803821531696,1.633975861809201,2.021071679284249,2.5419194765683435,4.086715443268853,9.777345228232859,25.88038215316959
Madrid|classic_evrptw|rc|80|20|10006,Madrid,Spain,classic_evrptw,rc,10006,80,20,11.92658257475109,42.93569726910392,10100,0,1.2615309059025974,1.630624255054471,1.9335747561537602,2.4399946254936444,3.9964196377272923,9.080511969384013,26.153090590259744
Madrid|classic_evrptw|rc|80|20|10007,Madrid,Spain,classic_evrptw,rc,10007,80,20,11.236273422374607,40.450584320548586,10100,0,1.2477005004935282,1.5322815237716036,1.7789295110626577,2.2212891169923332,3.4055652465095907,7.614791893366077,24.77005004935282
Madrid|classic_evrptw|rc|80|20|10008,Madrid,Spain,classic_evrptw,rc,10008,80,20,11.832026086108701,42.59529390999133,10100,0,1.2624831657165685,1.5804246961005377,2.0025268067322473,2.4913003168569166,3.971144052756419,9.804580553295049,26.24831657165685
Madrid|classic_evrptw|rc|80|20|10009,Madrid,Spain,classic_evrptw,rc,10009,80,20,11.060442810055061,39.81759411619822,10100,0,1.2570722284298497,1.4731876096286354,1.9615085315237615,2.492291384630362,3.879929720183436,9.764910960067356,25.70722284298497
Madrid|classic_evrptw|rc|80|20|10010,Madrid,Spain,classic_evrptw,rc,10010,80,20,10.678580089650008,38.44288832274003,10100,0,1.256057825473222,1.422658621813048,1.9440340105303533,2.412527318571185,4.295276846147531,11.145219371411754,25.6057825473222
Paris|classic_evrptw|c|80|20|10001,Paris,France,classic_evrptw,c,10001,80,20,7.303946870906804,26.294208735264498,10100,0,1.2267678473155867,1.5232619510303287,1.7512146998487972,2.7986043152103584,2.8534909890908806,6.484688960262824,22.676784731558676
Paris|classic_evrptw|c|80|20|10002,Paris,France,classic_evrptw,c,10002,80,20,7.471339282708022,26.89682141774888,10100,0,1.221993837390639,1.4024039998328408,1.6780069946494518,2.3005187897117216,1.8662409061190106,5.669668400236733,22.199383739063894
Paris|classic_evrptw|c|80|20|10003,Paris,France,classic_evrptw,c,10003,80,20,7.08149879617924,25.493395666245263,10100,0,1.2440240366866284,1.5418127779307214,1.7504737852614307,2.8801106103762044,2.5257371822506003,5.826233017179783,24.402403668662842
Paris|classic_evrptw|c|80|20|10004,Paris,France,classic_evrptw,c,10004,80,20,7.077911726771621,25.480482216377837,10100,0,1.260555105157101,1.5340967685142235,1.7294989329317192,2.7120369466706062,2.656228949208788,6.743548897705946,26.05551051571009
Paris|classic_evrptw|c|80|20|10005,Paris,France,classic_evrptw,c,10005,80,20,7.618902459776894,27.42804885519682,10100,0,1.207240077475557,1.415738199756746,1.675218623613526,2.3343936101121336,2.0411469677918914,6.223446660043171,20.724007747555696
Paris|classic_evrptw|c|80|20|10006,Paris,France,classic_evrptw,c,10006,80,20,7.9929881056392045,28.774757180301137,10100,0,1.2004345310459343,1.3941520354472863,1.7237777567430457,2.2631383482948273,2.0107535143933393,6.238267083326618,20.043453104593432
Paris|classic_evrptw|c|80|20|10007,Paris,France,classic_evrptw,c,10007,80,20,7.397404619228208,26.63065662922155,10100,0,1.210767074050721,1.364168418934098,1.6571248096668132,2.1186593456985867,2.0129304676686908,5.910587760820818,21.076707405072103
Paris|classic_evrptw|c|80|20|10008,Paris,France,classic_evrptw,c,10008,80,20,7.564454646813797,27.232036728529668,10100,0,1.2046350521160916,1.333258431746461,1.629595189098016,2.154608614391965,2.007535121016663,5.369064879971915,20.463505211609156
Paris|classic_evrptw|c|80|20|10009,Paris,France,classic_evrptw,c,10009,80,20,7.362508127310502,26.50502925831781,10100,0,1.2583697052724723,1.4647104101901842,1.7232961454101565,2.469200311784606,2.1857422582206376,6.320629648138113,25.836970527247228
Paris|classic_evrptw|c|80|20|10010,Paris,France,classic_evrptw,c,10010,80,20,7.20427725981191,25.935398135322878,10100,0,1.20970300184768,1.3387808613213537,1.6131063217816906,2.109158131820194,2.124560953289718,5.478779830455139,20.970300184768
Paris|classic_evrptw|r|80|20|10001,Paris,France,classic_evrptw,r,10001,80,20,6.650519012988436,23.94186844675837,10100,0,1.218644758442788,1.238596894550592,1.5140633808947004,1.667803182885233,2.436987249657537,5.007307233755934,21.864475844278797
Paris|classic_evrptw|r|80|20|10002,Paris,France,classic_evrptw,r,10002,80,20,6.593248419125152,23.735694308850547,10100,0,1.221688793209815,1.241998110035208,1.520080544890052,1.6600878173033828,2.459372223330945,5.259113129158069,22.168879320981503
Paris|classic_evrptw|r|80|20|10003,Paris,France,classic_evrptw,r,10003,80,20,6.680136598206497,24.048491753543388,10100,0,1.2120344654677964,1.2257052303275608,1.4726539626726711,1.589521832637737,2.3824985931189313,4.9171766345492705,21.203446546779638
Paris|classic_evrptw|r|80|20|10004,Paris,France,classic_evrptw,r,10004,80,20,6.659096411503928,23.97274708141414,10100,0,1.2115312001476979,1.2264368224780875,1.5093529713952443,1.6225594942341968,2.376371317602957,5.062694928424113,21.15312001476979
Paris|classic_evrptw|r|80|20|10005,Paris,France,classic_evrptw,r,10005,80,20,6.723339383813565,24.204021781728834,10100,0,1.2335616055498417,1.25610077730208,1.5358378880660963,1.6821303189330448,2.5882798588906457,5.370068039553036,23.35616055498417
Paris|classic_evrptw|r|80|20|10006,Paris,France,classic_evrptw,r,10006,80,20,6.580492765369742,23.689773955331074,10100,0,1.2172852874557036,1.2375577694607252,1.5067755734008252,1.639531002778531,2.444137177329294,5.021208430006592,21.728528745570365
Paris|classic_evrptw|r|80|20|10007,Paris,France,classic_evrptw,r,10007,80,20,6.727415380573368,24.218695370064125,10100,0,1.2194492615035881,1.2403603178162756,1.5160600369503572,1.6465647169698074,2.46467712602371,5.2198774740094915,21.94492615035881
Paris|classic_evrptw|r|80|20|10008,Paris,France,classic_evrptw,r,10008,80,20,6.5879963965572035,23.716787027605932,10100,0,1.2167279492976228,1.2307292802411354,1.4986167751039539,1.623031447587144,2.3872467444432695,4.982112151362594,21.672794929762283
Paris|classic_evrptw|r|80|20|10009,Paris,France,classic_evrptw,r,10009,80,20,6.570139170625591,23.652501014252127,10100,0,1.215585015851321,1.2315267920406376,1.50731133709693,1.6389347803975032,2.389056974478243,5.0523439038269835,21.558501585132106
Paris|classic_evrptw|r|80|20|10010,Paris,France,classic_evrptw,r,10010,80,20,6.5339705909169865,23.52229412730115,10100,0,1.2138047626520148,1.2340444096621197,1.5223425416176861,1.6591892949728158,2.402237425547274,5.0622047097047975,21.380476265201477
Paris|classic_evrptw|rc|80|20|10001,Paris,France,classic_evrptw,rc,10001,80,20,7.082831566482754,25.498193639337913,10100,0,1.2374023317559546,1.4587957569232555,1.6469036440226497,1.920140831834115,2.8468176510622176,6.3276278417834915,23.74023317559546
Paris|classic_evrptw|rc|80|20|10002,Paris,France,classic_evrptw,rc,10002,80,20,7.1486858797075,25.735269166947003,10100,0,1.2333994774085915,1.3638614913902531,1.5887932054636837,1.7874703275525918,2.6017128398886316,5.795352189409061,23.339947740859145
Paris|classic_evrptw|rc|80|20|10003,Paris,France,classic_evrptw,rc,10003,80,20,6.884394800764358,24.783821282751692,10100,0,1.2399454907673833,1.4068016488110169,1.5988635541661071,1.8287867721168922,2.692179869065931,5.635590340927593,23.994549076738323
Paris|classic_evrptw|rc|80|20|10004,Paris,France,classic_evrptw,rc,10004,80,20,6.8788620202910185,24.763903273047667,10100,0,1.2581370668338132,1.3953824854127792,1.5873287490852712,1.8722682822513665,2.886370354013999,5.99731951925419,25.81370668338132
Paris|classic_evrptw|rc|80|20|10005,Paris,France,classic_evrptw,rc,10005,80,20,7.233518678867753,26.040667243923913,10100,0,1.231116304434197,1.326312081555311,1.583916902536464,1.764441130003257,2.596643940901934,5.904746223577636,23.111630443419706
Paris|classic_evrptw|rc|80|20|10006,Paris,France,classic_evrptw,rc,10006,80,20,7.327163096208336,26.37778714635001,10100,0,1.2174509978309245,1.3036006183518802,1.5676536842903313,1.7536339718006642,2.4583686734608223,5.783944130987446,21.74509978309245
Paris|classic_evrptw|rc|80|20|10007,Paris,France,classic_evrptw,rc,10007,80,20,7.145473982246303,25.723706336086693,10100,0,1.223428946212378,1.2894552507939825,1.5775403765029297,1.7469240281779406,2.543331945901906,5.565153719891157,22.342894621237797
Paris|classic_evrptw|rc|80|20|10008,Paris,France,classic_evrptw,rc,10008,80,20,7.11368928086971,25.609281411130954,10100,0,1.2217953334516447,1.2894745317962384,1.5410866670173422,1.7134794607490584,2.3255757661745404,5.371329548033949,22.179533345164472
Paris|classic_evrptw|rc|80|20|10009,Paris,France,classic_evrptw,rc,10009,80,20,7.173502738839526,25.824609859822292,10100,0,1.2583654666575936,1.3641068021748846,1.6492031137686443,1.8823249225805403,2.856566242700011,6.329724481085356,25.836546665759364
Paris|classic_evrptw|rc|80|20|10010,Paris,France,classic_evrptw,rc,10010,80,20,7.025341816247153,25.29123053848975,10100,0,1.2233077925399671,1.3124384023083957,1.5250297191928612,1.6830543643131683,2.5555041007077497,5.357449248792903,22.330779253996713
Shenzhen|classic_evrptw|c|80|20|10001,Shenzhen,China,classic_evrptw,c,10001,80,20,12.169454679465607,43.81003684607619,10100,0,1.2586290752588742,1.660185366832977,2.120158332357191,3.086865277242408,3.868087782902999,10.08691152704004,25.862907525887422
Shenzhen|classic_evrptw|c|80|20|10002,Shenzhen,China,classic_evrptw,c,10002,80,20,12.592019871102377,45.331271535968554,10100,0,1.2551251473097031,1.6048712359330266,2.183561776229597,2.990482973962223,4.7507550099101685,11.133326960636229,25.512514730970317
Shenzhen|classic_evrptw|c|80|20|10003,Shenzhen,China,classic_evrptw,c,10003,80,20,12.31913880556915,44.34889970004894,10100,0,1.2386913677768487,1.6879438916598717,1.932246638762059,2.929031037981367,4.176254667144129,8.755171435379191,23.869136777684872
Shenzhen|classic_evrptw|c|80|20|10004,Shenzhen,China,classic_evrptw,c,10004,80,20,12.23771473127464,44.055773032588704,10100,0,1.2370031386248168,1.529819297975066,1.8375002633699395,2.653781687339426,4.1930239287757605,8.21630466764041,23.700313862481682
Shenzhen|classic_evrptw|c|80|20|10005,Shenzhen,China,classic_evrptw,c,10005,80,20,12.31050375203312,44.31781350731924,10100,0,1.237658417472777,1.919719339314258,2.0615916918247463,3.9755937242448547,4.417545186454026,8.349847528417486,23.765841747277694
Shenzhen|classic_evrptw|c|80|20|10006,Shenzhen,China,classic_evrptw,c,10006,80,20,11.879320174881556,42.765552629573605,10100,0,1.3080990764913936,1.7231104831265298,1.9173844014769361,3.7846099255335686,5.381825452936691,12.341136896613571,30.809907649139355
Shenzhen|classic_evrptw|c|80|20|10007,Shenzhen,China,classic_evrptw,c,10007,80,20,12.18534999803363,43.86725999292107,10100,0,1.248584819469793,1.6190410588529025,1.9948027532775872,2.9785340328944443,4.50708086895671,8.37423735827151,24.858481946979303
Shenzhen|classic_evrptw|c|80|20|10008,Shenzhen,China,classic_evrptw,c,10008,80,20,11.915030447622788,42.89410961144204,10100,0,1.2581390641520769,1.746719150694992,1.996032939373233,3.0931945402403653,4.4714109288059,10.35607965468304,25.81390641520769
Shenzhen|classic_evrptw|c|80|20|10009,Shenzhen,China,classic_evrptw,c,10009,80,20,11.935718645402268,42.96858712344817,10100,0,1.2336089692138463,1.5677950949012414,2.008645211006203,3.020410666444937,3.6677152647797238,9.443448150121194,23.360896921384633
Shenzhen|classic_evrptw|c|80|20|10010,Shenzhen,China,classic_evrptw,c,10010,80,20,12.065209283648917,43.4347534211361,10100,0,1.2551073269129147,1.510359589400484,1.8336863868131215,2.6975235945502907,3.706270816268856,8.96389781321608,25.510732691291473
Shenzhen|classic_evrptw|r|80|20|10001,Shenzhen,China,classic_evrptw,r,10001,80,20,13.54823094698789,48.7736314091564,10100,0,1.2735162420257833,1.3679029069648556,1.7704247946247524,2.05880964177433,7.735613684241075,17.681403855587504,27.35162420257833
Shenzhen|classic_evrptw|r|80|20|10002,Shenzhen,China,classic_evrptw,r,10002,80,20,13.491847609547488,48.570651394370955,10100,0,1.2707371776758776,1.3595509024931707,1.76681793656226,2.03323554725462,7.513049578293711,17.87098478160439,27.07371776758776
Shenzhen|classic_evrptw|r|80|20|10003,Shenzhen,China,classic_evrptw,r,10003,80,20,13.66087046997146,49.179133691897256,10100,0,1.269148620669878,1.3582441759325543,1.7611827116272472,2.0207941887306364,7.90940949071646,18.71694065243022,26.91486206698781
Shenzhen|classic_evrptw|r|80|20|10004,Shenzhen,China,classic_evrptw,r,10004,80,20,13.682227995257882,49.25602078292838,10100,0,1.2759941623514424,1.3685531455483388,1.786305497372603,2.0614523839572096,8.099848456272108,17.532862474236456,27.599416235144236
Shenzhen|classic_evrptw|r|80|20|10005,Shenzhen,China,classic_evrptw,r,10005,80,20,13.619496238096426,49.03018645714713,10100,0,1.2722172572232742,1.3552753617412745,1.7573404910609287,2.006411423935277,7.49217138852866,17.36208125418488,27.221725722327417
Shenzhen|classic_evrptw|r|80|20|10006,Shenzhen,China,classic_evrptw,r,10006,80,20,13.598481586430765,48.95453371115075,10100,0,1.2644558167995312,1.35637568416989,1.7593464684640638,2.048799745329821,7.464928557096437,18.526344740816892,26.445581679953122
Shenzhen|classic_evrptw|r|80|20|10007,Shenzhen,China,classic_evrptw,r,10007,80,20,13.611940827056923,49.00298697740492,10100,0,1.2662920536598066,1.3525377752710535,1.7580700378963294,2.029957136826962,7.37318745536402,17.568169236577763,26.629205365980656
Shenzhen|classic_evrptw|r|80|20|10008,Shenzhen,China,classic_evrptw,r,10008,80,20,13.67824831411824,49.24169393082567,10100,0,1.277726465506046,1.364994520897506,1.7660262277414607,2.0166755863957144,7.923993294450228,18.684854447932,27.772646550604605
Shenzhen|classic_evrptw|r|80|20|10009,Shenzhen,China,classic_evrptw,r,10009,80,20,13.86072045903757,49.898593652535254,10100,0,1.2686653936594665,1.3567912228199055,1.76038462191508,2.0147941445384157,7.916504818456885,18.04367290395263,26.86653936594665
Shenzhen|classic_evrptw|r|80|20|10010,Shenzhen,China,classic_evrptw,r,10010,80,20,13.710318429406147,49.357146345862134,10100,0,1.2722005350698882,1.3646401414859266,1.7621511196882564,2.0310292986094156,7.893976751036098,18.49556427911413,27.22005350698882
Shenzhen|classic_evrptw|rc|80|20|10001,Shenzhen,China,classic_evrptw,rc,10001,80,20,13.15782476782929,47.368169164185446,10100,0,1.2648209513714295,1.4219939627817564,1.7065383153772287,2.0660470086165934,6.141295069646688,15.13088355066594,26.48209513714295
Shenzhen|classic_evrptw|rc|80|20|10002,Shenzhen,China,classic_evrptw,rc,10002,80,20,13.238880597490486,47.65997015096575,10100,0,1.2723364623266598,1.4375772448936628,1.801259351904771,2.1745596145206694,6.673972060494882,16.208161246952308,27.233646232665976
Shenzhen|classic_evrptw|rc|80|20|10003,Shenzhen,China,classic_evrptw,rc,10003,80,20,13.111142069596866,47.20011145054872,10100,0,1.2616197993389884,1.5077106738716324,1.6449084701415126,1.9941827784077162,5.859924917625024,13.691113428852633,26.161979933898838
Shenzhen|classic_evrptw|rc|80|20|10004,Shenzhen,China,classic_evrptw,rc,10004,80,20,13.031028990535697,46.91170436592851,10100,0,1.2668979169385945,1.3996428678173436,1.733156430532091,2.0459399827269804,6.502767812608325,14.685892907990036,26.689791693859455
Shenzhen|classic_evrptw|rc|80|20|10005,Shenzhen,China,classic_evrptw,rc,10005,80,20,13.106581459138493,47.18369325289858,10100,0,1.2591362425939467,1.5233726805823744,1.711854709420806,2.044193978648764,6.332579765268013,14.124668428224041,25.913624259394673
Shenzhen|classic_evrptw|rc|80|20|10006,Shenzhen,China,classic_evrptw,rc,10006,80,20,12.928178809428061,46.54144371394102,10100,0,1.2744735618217193,1.392984711508534,1.7004665413084634,1.9736116378294324,6.851051488320682,15.483701884764994,27.447356182171934
Shenzhen|classic_evrptw|rc|80|20|10007,Shenzhen,China,classic_evrptw,rc,10007,80,20,13.101957588439966,47.16704731838388,10100,0,1.2626645509777044,1.3823881513669225,1.6689140918896173,2.01882908343832,6.281102513506377,14.11181023281117,26.266455097770436
Shenzhen|classic_evrptw|rc|80|20|10008,Shenzhen,China,classic_evrptw,rc,10008,80,20,12.849515584950073,46.258256105820266,10100,0,1.262202936988905,1.5427169798120448,1.700941229796477,2.0773290766787014,6.29223167034184,15.280493240086345,26.220293698890494
Shenzhen|classic_evrptw|rc|80|20|10009,Shenzhen,China,classic_evrptw,rc,10009,80,20,13.17859817672986,47.4429534362275,10100,0,1.2649585566434585,1.441548737825187,1.6999719373996338,2.010883102653389,6.319259146456074,15.161164818441424,26.495855664345846
Shenzhen|classic_evrptw|rc|80|20|10010,Shenzhen,China,classic_evrptw,rc,10010,80,20,13.28333500486281,47.82000601750612,10100,0,1.2714084750826202,1.3930788325947505,1.7002165272274297,1.980677759973567,6.396060774464392,14.392214242245167,27.140847508262024
Casablanca|multi_depot_evrptw|rc|80|20|10001,Casablanca,Morocco,multi_depot_evrptw,rc,10001,80,20,11.315474401611455,40.73570784580124,10100,0,1.1896040452712606,1.3649363118444873,1.7431500453158846,2.0993317181893723,2.2501354248625907,4.941986562438128,18.960404527126062
Casablanca|two_echelon_evrp|rc|80|20|10001,Casablanca,Morocco,two_echelon_evrp,rc,10001,80,20,11.315474401611455,40.73570784580124,10100,0,1.1896040452712606,1.3649363118444873,1.7431500453158846,2.0993317181893723,2.2501354248625907,4.941986562438128,18.960404527126062
Casablanca|multi_depot_evrptw|rc|80|20|10002,Casablanca,Morocco,multi_depot_evrptw,rc,10002,80,20,11.455462136889441,41.23966369280199,10100,0,1.1746998083587508,1.3348743421226268,1.6687026254810962,2.053158219748004,2.04355615716757,4.906049777275192,17.469980835875077
Casablanca|two_echelon_evrp|rc|80|20|10002,Casablanca,Morocco,two_echelon_evrp,rc,10002,80,20,11.460497584021805,41.2577913024785,10100,0,1.174186751505769,1.341746012089361,1.6922314880046563,2.092414020421068,2.061298166764262,5.019602624341066,17.418675150576888
Casablanca|multi_depot_evrptw|rc|80|20|10003,Casablanca,Morocco,multi_depot_evrptw,rc,10003,80,20,11.02716836798065,39.69780612473034,10100,0,1.1897276564637347,1.2860966341725013,1.616067549251587,1.9286589748762728,2.0451737078723036,4.794141262636326,18.972765646373468
Casablanca|two_echelon_evrp|rc|80|20|10003,Casablanca,Morocco,two_echelon_evrp,rc,10003,80,20,11.025096009151412,39.69034563294508,10100,0,1.1921955197360599,1.286748236254368,1.6083559669149794,1.9088569759514382,2.0414229273283526,4.783605264242063,19.219551973605988
Casablanca|multi_depot_evrptw|rc|80|20|10004,Casablanca,Morocco,multi_depot_evrptw,rc,10004,80,20,11.41947585897704,41.11011309231735,10100,0,1.1870803528993363,1.4029930300648765,1.7295472077464416,2.177799552540898,2.3045192336967943,5.1116384731763915,18.708035289933633
Casablanca|two_echelon_evrp|rc|80|20|10004,Casablanca,Morocco,two_echelon_evrp,rc,10004,80,20,11.41947585897704,41.11011309231735,10100,0,1.1870803528993363,1.4029930300648765,1.7295472077464416,2.177799552540898,2.3045192336967943,5.1116384731763915,18.708035289933633
Casablanca|multi_depot_evrptw|rc|80|20|10005,Casablanca,Morocco,multi_depot_evrptw,rc,10005,80,20,11.297966859515594,40.67268069425614,10100,0,1.1826852671797907,1.284002865817596,1.6416951565118223,1.940932836210543,2.0471403985216554,5.059373339476441,18.26852671797907
Casablanca|two_echelon_evrp|rc|80|20|10005,Casablanca,Morocco,two_echelon_evrp,rc,10005,80,20,11.311043345222675,40.719756042801635,10100,0,1.184379076841382,1.2849104207374311,1.6426355081069532,1.9431209313356772,2.063892458480231,5.0562822303916795,18.4379076841382
Madrid|multi_depot_evrptw|rc|80|20|10001,Madrid,Spain,multi_depot_evrptw,rc,10001,80,20,11.542199666075327,41.551918797871174,10100,0,1.2574445239788923,1.4973142221513611,1.9374315215635352,2.362973708401445,3.9318370695720546,8.699799622867236,25.744452397889226
Madrid|two_echelon_evrp|rc|80|20|10001,Madrid,Spain,two_echelon_evrp,rc,10001,80,20,11.542199666075327,41.551918797871174,10100,0,1.2574445239788923,1.4973142221513611,1.9374315215635352,2.362973708401445,3.9318370695720546,8.699799622867236,25.744452397889226
Madrid|multi_depot_evrptw|rc|80|20|10002,Madrid,Spain,multi_depot_evrptw,rc,10002,80,20,11.606105231625314,41.781978833851134,10100,0,1.2422997234399966,1.485577966131334,2.005010591314254,2.5340167779824734,3.575202425709246,9.328313429307986,24.229972343999663
Madrid|two_echelon_evrp|rc|80|20|10002,Madrid,Spain,two_echelon_evrp,rc,10002,80,20,11.606105231625314,41.781978833851134,10100,0,1.2422997234399966,1.485577966131334,2.005010591314254,2.5340167779824734,3.575202425709246,9.328313429307986,24.229972343999663
Madrid|multi_depot_evrptw|rc|80|20|10003,Madrid,Spain,multi_depot_evrptw,rc,10003,80,20,12.066736975500216,43.44025311180078,10100,0,1.2360677337941794,1.5643092156020335,1.9086317063954306,2.4125201651232753,3.3367624675611656,8.616742522253322,23.606773379417945
Madrid|two_echelon_evrp|rc|80|20|10003,Madrid,Spain,two_echelon_evrp,rc,10003,80,20,12.066736975500216,43.44025311180078,10100,0,1.2360677337941794,1.5643092156020335,1.9086317063954306,2.4125201651232753,3.3367624675611656,8.616742522253322,23.606773379417945
Madrid|multi_depot_evrptw|rc|80|20|10004,Madrid,Spain,multi_depot_evrptw,rc,10004,80,20,11.975912105238114,43.113283578857214,10100,0,1.2607303692448064,1.6802607110379597,1.9254315360015768,2.4121754534615683,3.9180075069463514,8.890717821374267,26.07303692448064
Madrid|two_echelon_evrp|rc|80|20|10004,Madrid,Spain,two_echelon_evrp,rc,10004,80,20,11.975912105238114,43.113283578857214,10100,0,1.2607303692448064,1.6802607110379597,1.9254315360015768,2.4121754534615683,3.9180075069463514,8.890717821374267,26.07303692448064
Madrid|multi_depot_evrptw|rc|80|20|10005,Madrid,Spain,multi_depot_evrptw,rc,10005,80,20,12.023805286240606,43.28569903046618,10100,0,1.258803821531696,1.633975861809201,2.021071679284249,2.5419194765683435,4.086715443268853,9.777345228232859,25.88038215316959
Madrid|two_echelon_evrp|rc|80|20|10005,Madrid,Spain,two_echelon_evrp,rc,10005,80,20,12.023805286240606,43.28569903046618,10100,0,1.258803821531696,1.633975861809201,2.021071679284249,2.5419194765683435,4.086715443268853,9.777345228232859,25.88038215316959
Paris|multi_depot_evrptw|rc|80|20|10001,Paris,France,multi_depot_evrptw,rc,10001,80,20,7.082831566482754,25.498193639337913,10100,0,1.2374023317559546,1.4587957569232555,1.6469036440226497,1.920140831834115,2.8468176510622176,6.3276278417834915,23.74023317559546
Paris|two_echelon_evrp|rc|80|20|10001,Paris,France,two_echelon_evrp,rc,10001,80,20,7.077222304778039,25.478000297200943,10100,0,1.2393507996981479,1.4516511983030442,1.6427067571328315,1.9168882716285378,2.8670564042962683,6.335938821408339,23.935079969814787
Paris|multi_depot_evrptw|rc|80|20|10002,Paris,France,multi_depot_evrptw,rc,10002,80,20,7.1486858797075,25.735269166947003,10100,0,1.2333994774085915,1.3638614913902531,1.5887932054636837,1.7874703275525918,2.6017128398886316,5.795352189409061,23.339947740859145
Paris|two_echelon_evrp|rc|80|20|10002,Paris,France,two_echelon_evrp,rc,10002,80,20,7.119833865365148,25.631401915314534,10100,0,1.22936852527853,1.3567155207056294,1.5780924971101284,1.778126287907858,2.59202551815863,5.654258266092118,22.936852527853002
Paris|multi_depot_evrptw|rc|80|20|10003,Paris,France,multi_depot_evrptw,rc,10003,80,20,6.884394800764358,24.783821282751692,10100,0,1.2399454907673833,1.4068016488110169,1.5988635541661071,1.8287867721168922,2.692179869065931,5.635590340927593,23.994549076738323
Paris|two_echelon_evrp|rc|80|20|10003,Paris,France,two_echelon_evrp,rc,10003,80,20,6.884394800764358,24.783821282751692,10100,0,1.2399454907673833,1.4068016488110169,1.5988635541661071,1.8287867721168922,2.692179869065931,5.635590340927593,23.994549076738323
Paris|multi_depot_evrptw|rc|80|20|10004,Paris,France,multi_depot_evrptw,rc,10004,80,20,6.8788620202910185,24.763903273047667,10100,0,1.2581370668338132,1.3953824854127792,1.5873287490852712,1.8722682822513665,2.886370354013999,5.99731951925419,25.81370668338132
Paris|two_echelon_evrp|rc|80|20|10004,Paris,France,two_echelon_evrp,rc,10004,80,20,6.8788620202910185,24.763903273047667,10100,0,1.2581370668338132,1.3953824854127792,1.5873287490852712,1.8722682822513665,2.886370354013999,5.99731951925419,25.81370668338132
Paris|multi_depot_evrptw|rc|80|20|10005,Paris,France,multi_depot_evrptw,rc,10005,80,20,7.233518678867753,26.040667243923913,10100,0,1.231116304434197,1.326312081555311,1.583916902536464,1.764441130003257,2.596643940901934,5.904746223577636,23.111630443419706
Paris|two_echelon_evrp|rc|80|20|10005,Paris,France,two_echelon_evrp,rc,10005,80,20,7.233518678867753,26.040667243923913,10100,0,1.231116304434197,1.326312081555311,1.583916902536464,1.764441130003257,2.596643940901934,5.904746223577636,23.111630443419706
Shenzhen|multi_depot_evrptw|rc|80|20|10001,Shenzhen,China,multi_depot_evrptw,rc,10001,80,20,13.15782476782929,47.368169164185446,10100,0,1.2648209513714295,1.4219939627817564,1.7065383153772287,2.0660470086165934,6.141295069646688,15.13088355066594,26.48209513714295
Shenzhen|two_echelon_evrp|rc|80|20|10001,Shenzhen,China,two_echelon_evrp,rc,10001,80,20,13.15782476782929,47.368169164185446,10100,0,1.2648209513714295,1.4219939627817564,1.7065383153772287,2.0660470086165934,6.141295069646688,15.13088355066594,26.48209513714295
Shenzhen|multi_depot_evrptw|rc|80|20|10002,Shenzhen,China,multi_depot_evrptw,rc,10002,80,20,13.238880597490486,47.65997015096575,10100,0,1.2723364623266598,1.4375772448936628,1.801259351904771,2.1745596145206694,6.673972060494882,16.208161246952308,27.233646232665976
Shenzhen|two_echelon_evrp|rc|80|20|10002,Shenzhen,China,two_echelon_evrp,rc,10002,80,20,13.238880597490486,47.65997015096575,10100,0,1.2723364623266598,1.4375772448936628,1.801259351904771,2.1745596145206694,6.673972060494882,16.208161246952308,27.233646232665976
Shenzhen|multi_depot_evrptw|rc|80|20|10003,Shenzhen,China,multi_depot_evrptw,rc,10003,80,20,13.111142069596866,47.20011145054872,10100,0,1.2616197993389884,1.5077106738716324,1.6449084701415126,1.9941827784077162,5.859924917625024,13.691113428852633,26.161979933898838
Shenzhen|two_echelon_evrp|rc|80|20|10003,Shenzhen,China,two_echelon_evrp,rc,10003,80,20,13.111142069596866,47.20011145054872,10100,0,1.2616197993389884,1.5077106738716324,1.6449084701415126,1.9941827784077162,5.859924917625024,13.691113428852633,26.161979933898838
Shenzhen|multi_depot_evrptw|rc|80|20|10004,Shenzhen,China,multi_depot_evrptw,rc,10004,80,20,13.031028990535697,46.91170436592851,10100,0,1.2668979169385945,1.3996428678173436,1.733156430532091,2.0459399827269804,6.502767812608325,14.685892907990036,26.689791693859455
Shenzhen|two_echelon_evrp|rc|80|20|10004,Shenzhen,China,two_echelon_evrp,rc,10004,80,20,13.031028990535697,46.91170436592851,10100,0,1.2668979169385945,1.3996428678173436,1.733156430532091,2.0459399827269804,6.502767812608325,14.685892907990036,26.689791693859455
Shenzhen|multi_depot_evrptw|rc|80|20|10005,Shenzhen,China,multi_depot_evrptw,rc,10005,80,20,13.106581459138493,47.18369325289858,10100,0,1.2591362425939467,1.5233726805823744,1.711854709420806,2.044193978648764,6.332579765268013,14.124668428224041,25.913624259394673
Shenzhen|two_echelon_evrp|rc|80|20|10005,Shenzhen,China,two_echelon_evrp,rc,10005,80,20,13.106581459138493,47.18369325289858,10100,0,1.2591362425939467,1.5233726805823744,1.711854709420806,2.044193978648764,6.332579765268013,14.124668428224041,25.913624259394673
